family,value,pool_index,method,mse,actual_pool_cosine,mean_minority_context,num_prompts
similarity,-1.0,0,transformer,0.038003586705948056,-1.0,,128
similarity,-1.0,0,known_pool_uniform,0.03228097938977337,-1.0,,128
similarity,-1.0,0,assignment_oracle,0.03069103045874705,-1.0,,128
similarity,-1.0,0,ridge_current,0.28210750970016085,-1.0,,128
similarity,-1.0,0,ridge_history,0.9416920375636868,-1.0,,128
similarity,-1.0,0,em_ridge_K2,0.03593011661038641,-1.0,,128
similarity,-1.0,1,transformer,0.050335460085336056,-1.0,,128
similarity,-1.0,1,known_pool_uniform,0.04334313166031286,-1.0,,128
similarity,-1.0,1,assignment_oracle,0.04334392913356912,-1.0,,128
similarity,-1.0,1,ridge_current,0.4222609154314994,-1.0,,128
similarity,-1.0,1,ridge_history,1.1033239586340438,-1.0,,128
similarity,-1.0,1,em_ridge_K2,0.04538418476171316,-1.0,,128
similarity,-1.0,2,transformer,0.040803922085862476,-1.0,,128
similarity,-1.0,2,known_pool_uniform,0.03397308427527857,-1.0,,128
similarity,-1.0,2,assignment_oracle,0.03188327825950908,-1.0,,128
similarity,-1.0,2,ridge_current,0.42382262009992744,-1.0,,128
similarity,-1.0,2,ridge_history,1.0903310895454021,-1.0,,128
similarity,-1.0,2,em_ridge_K2,0.03735904468840642,-1.0,,128
similarity,-1.0,3,transformer,0.04765520751142575,-1.0000001192092896,,128
similarity,-1.0,3,known_pool_uniform,0.045414838896875295,-1.0000001192092896,,128
similarity,-1.0,3,assignment_oracle,0.046207280057216985,-1.0000001192092896,,128
similarity,-1.0,3,ridge_current,0.39434313738933646,-1.0000001192092896,,128
similarity,-1.0,3,ridge_history,0.9901435620863434,-1.0000001192092896,,128
similarity,-1.0,3,em_ridge_K2,0.04922089212224381,-1.0000001192092896,,128
similarity,-1.0,4,transformer,0.0444526321183779,-0.9999999403953552,,128
similarity,-1.0,4,known_pool_uniform,0.03985763576639843,-0.9999999403953552,,128
similarity,-1.0,4,assignment_oracle,0.039857643965754794,-0.9999999403953552,,128
similarity,-1.0,4,ridge_current,0.33010141153419925,-0.9999999403953552,,128
similarity,-1.0,4,ridge_history,1.0646280544694156,-0.9999999403953552,,128
similarity,-1.0,4,em_ridge_K2,0.04466539649692515,-0.9999999403953552,,128
similarity,-1.0,5,transformer,0.05341930473131335,-0.9999998211860657,,128
similarity,-1.0,5,known_pool_uniform,0.04295741634923812,-0.9999998211860657,,128
similarity,-1.0,5,assignment_oracle,0.042541775383322426,-0.9999998211860657,,128
similarity,-1.0,5,ridge_current,0.6383631972390035,-0.9999998211860657,,128
similarity,-1.0,5,ridge_history,1.3964876781713476,-0.9999998211860657,,128
similarity,-1.0,5,em_ridge_K2,0.046686316711939506,-0.9999998211860657,,128
similarity,-1.0,6,transformer,0.10701519180942712,-1.0,,128
similarity,-1.0,6,known_pool_uniform,0.05067460993864924,-1.0,,128
similarity,-1.0,6,assignment_oracle,0.03809047987267478,-1.0,,128
similarity,-1.0,6,ridge_current,0.3306365573027681,-1.0,,128
similarity,-1.0,6,ridge_history,0.8071969593725203,-1.0,,128
similarity,-1.0,6,em_ridge_K2,0.044684997271675644,-1.0,,128
similarity,-1.0,7,transformer,0.06230209047522167,-1.0000001192092896,,128
similarity,-1.0,7,known_pool_uniform,0.043255532259588336,-1.0000001192092896,,128
similarity,-1.0,7,assignment_oracle,0.041651538087207784,-1.0000001192092896,,128
similarity,-1.0,7,ridge_current,0.4040343925669013,-1.0000001192092896,,128
similarity,-1.0,7,ridge_history,0.9214701955063266,-1.0000001192092896,,128
similarity,-1.0,7,em_ridge_K2,0.0535483154883916,-1.0000001192092896,,128
similarity,-1.0,8,transformer,0.039763702666809515,-1.0,,128
similarity,-1.0,8,known_pool_uniform,0.035711623494117405,-1.0,,128
similarity,-1.0,8,assignment_oracle,0.035711544152337266,-1.0,,128
similarity,-1.0,8,ridge_current,0.43393361616642157,-1.0,,128
similarity,-1.0,8,ridge_history,1.174864359097921,-1.0,,128
similarity,-1.0,8,em_ridge_K2,0.03810915942248962,-1.0,,128
similarity,-1.0,9,transformer,0.09657557734786276,-1.0,,128
similarity,-1.0,9,known_pool_uniform,0.08391760376189072,-1.0,,128
similarity,-1.0,9,assignment_oracle,0.0346916271887016,-1.0,,128
similarity,-1.0,9,ridge_current,0.4672771115638901,-1.0,,128
similarity,-1.0,9,ridge_history,1.152646539018087,-1.0,,128
similarity,-1.0,9,em_ridge_K2,0.08478814661097334,-1.0,,128
similarity,-0.5,0,transformer,0.04215194063288643,-0.5,,128
similarity,-0.5,0,known_pool_uniform,0.03695464725797034,-0.5,,128
similarity,-0.5,0,assignment_oracle,0.03069103060914271,-0.5,,128
similarity,-0.5,0,ridge_current,0.2950915845817067,-0.5,,128
similarity,-0.5,0,ridge_history,0.8373194089186049,-0.5,,128
similarity,-0.5,0,em_ridge_K2,0.043514699191629674,-0.5,,128
similarity,-0.5,1,transformer,0.04782104327995163,-0.5000000596046448,,128
similarity,-0.5,1,known_pool_uniform,0.043266584707720906,-0.5000000596046448,,128
similarity,-0.5,1,assignment_oracle,0.043343926947683256,-0.5000000596046448,,128
similarity,-0.5,1,ridge_current,0.3998794292531115,-0.5000000596046448,,128
similarity,-0.5,1,ridge_history,0.8046661119002596,-0.5000000596046448,,128
similarity,-0.5,1,em_ridge_K2,0.04523967334718877,-0.5000000596046448,,128
similarity,-0.5,2,transformer,0.07765888962425956,-0.5,,128
similarity,-0.5,2,known_pool_uniform,0.03461401763048405,-0.5,,128
similarity,-0.5,2,assignment_oracle,0.03188327905342586,-0.5,,128
similarity,-0.5,2,ridge_current,0.4239919290978174,-0.5,,128
similarity,-0.5,2,ridge_history,0.7551314843332753,-0.5,,128
similarity,-0.5,2,em_ridge_K2,0.041743304271040255,-0.5,,128
similarity,-0.5,3,transformer,0.05070967704545866,-0.5000001788139343,,128
similarity,-0.5,3,known_pool_uniform,0.04606658554383631,-0.5000001788139343,,128
similarity,-0.5,3,assignment_oracle,0.046207281716146464,-0.5000001788139343,,128
similarity,-0.5,3,ridge_current,0.370886023671677,-0.5000001788139343,,128
similarity,-0.5,3,ridge_history,0.7301082280928437,-0.5000001788139343,,128
similarity,-0.5,3,em_ridge_K2,0.04859790514259171,-0.5000001788139343,,128
similarity,-0.5,4,transformer,0.04359969840178133,-0.4999999403953552,,128
similarity,-0.5,4,known_pool_uniform,0.03955933798045738,-0.4999999403953552,,128
similarity,-0.5,4,assignment_oracle,0.0398576432191444,-0.4999999403953552,,128
similarity,-0.5,4,ridge_current,0.31718979010047554,-0.4999999403953552,,128
similarity,-0.5,4,ridge_history,0.885987455714774,-0.4999999403953552,,128
similarity,-0.5,4,em_ridge_K2,0.04430600211274256,-0.4999999403953552,,128
similarity,-0.5,5,transformer,0.05472644650919738,-0.5000001788139343,,128
similarity,-0.5,5,known_pool_uniform,0.04368387967245737,-0.5000001788139343,,128
similarity,-0.5,5,assignment_oracle,0.04254177709779447,-0.5000001788139343,,128
similarity,-0.5,5,ridge_current,0.5223664700110939,-0.5000001788139343,,128
similarity,-0.5,5,ridge_history,0.9370505301876004,-0.5000001788139343,,128
similarity,-0.5,5,em_ridge_K2,0.0493412144070651,-0.5000001788139343,,128
similarity,-0.5,6,transformer,0.039532233232829075,-0.5000000596046448,,128
similarity,-0.5,6,known_pool_uniform,0.03793413322259015,-0.5000000596046448,,128
similarity,-0.5,6,assignment_oracle,0.03809048122854579,-0.5000000596046448,,128
similarity,-0.5,6,ridge_current,0.32114802364961903,-0.5000000596046448,,128
similarity,-0.5,6,ridge_history,0.6020653265542532,-0.5000000596046448,,128
similarity,-0.5,6,em_ridge_K2,0.03907135018711598,-0.5000000596046448,,128
similarity,-0.5,7,transformer,0.050738373864528744,-0.5,,128
similarity,-0.5,7,known_pool_uniform,0.04157192038956574,-0.5,,128
similarity,-0.5,7,assignment_oracle,0.04165153756603858,-0.5,,128
similarity,-0.5,7,ridge_current,0.45163050326518545,-0.5,,128
similarity,-0.5,7,ridge_history,0.7014471141027062,-0.5,,128
similarity,-0.5,7,em_ridge_K2,0.04452647529464083,-0.5,,128
similarity,-0.5,8,transformer,0.044042420338124694,-0.4999999701976776,,128
similarity,-0.5,8,known_pool_uniform,0.03924057746706043,-0.4999999701976776,,128
similarity,-0.5,8,assignment_oracle,0.035711543315765315,-0.4999999701976776,,128
similarity,-0.5,8,ridge_current,0.40923622674092897,-0.4999999701976776,,128
similarity,-0.5,8,ridge_history,0.8266378016030936,-0.4999999701976776,,128
similarity,-0.5,8,em_ridge_K2,0.042169873782203424,-0.4999999701976776,,128
similarity,-0.5,9,transformer,0.04785058079677902,-0.5,,128
similarity,-0.5,9,known_pool_uniform,0.035176019424290356,-0.5,,128
similarity,-0.5,9,assignment_oracle,0.034691625305660403,-0.5,,128
similarity,-0.5,9,ridge_current,0.47676771039878196,-0.5,,128
similarity,-0.5,9,ridge_history,0.7553351196678482,-0.5,,128
similarity,-0.5,9,em_ridge_K2,0.035224905665132325,-0.5,,128
similarity,0,0,transformer,0.04823299407378359,0.0,,128
similarity,0,0,known_pool_uniform,0.030979251253829068,0.0,,128
similarity,0,0,assignment_oracle,0.030691029393433336,0.0,,128
similarity,0,0,ridge_current,0.28143646068505,0.0,,128
similarity,0,0,ridge_history,0.6283938091597275,0.0,,128
similarity,0,0,em_ridge_K2,0.04203691774890632,0.0,,128
similarity,0,1,transformer,0.0582668166269145,0.0,,128
similarity,0,1,known_pool_uniform,0.043440024052929994,0.0,,128
similarity,0,1,assignment_oracle,0.04334392344166107,0.0,,128
similarity,0,1,ridge_current,0.3571201221440726,0.0,,128
similarity,0,1,ridge_history,0.5467784422817593,0.0,,128
similarity,0,1,em_ridge_K2,0.04540068971146543,0.0,,128
similarity,0,2,transformer,0.04438641774556922,2.9802322387695312e-08,,128
similarity,0,2,known_pool_uniform,0.03191088298179182,2.9802322387695312e-08,,128
similarity,0,2,assignment_oracle,0.03188328181013621,2.9802322387695312e-08,,128
similarity,0,2,ridge_current,0.37204696821827377,2.9802322387695312e-08,,128
similarity,0,2,ridge_history,0.5162737344011985,2.9802322387695312e-08,,128
similarity,0,2,em_ridge_K2,0.03445256601606901,2.9802322387695312e-08,,128
similarity,0,3,transformer,0.04710439482714521,-1.7881393432617188e-07,,128
similarity,0,3,known_pool_uniform,0.04644607786384099,-1.7881393432617188e-07,,128
similarity,0,3,assignment_oracle,0.046207281377946774,-1.7881393432617188e-07,,128
similarity,0,3,ridge_current,0.35570753555991985,-1.7881393432617188e-07,,128
similarity,0,3,ridge_history,0.4992191879433784,-1.7881393432617188e-07,,128
similarity,0,3,em_ridge_K2,0.049405403984467314,-1.7881393432617188e-07,,128
similarity,0,4,transformer,0.07668783186093531,-1.862645149230957e-08,,128
similarity,0,4,known_pool_uniform,0.06373281465356426,-1.862645149230957e-08,,128
similarity,0,4,assignment_oracle,0.039857641462150845,-1.862645149230957e-08,,128
similarity,0,4,ridge_current,0.34666688918926153,-1.862645149230957e-08,,128
similarity,0,4,ridge_history,0.6233749737018501,-1.862645149230957e-08,,128
similarity,0,4,em_ridge_K2,0.07318317770403202,-1.862645149230957e-08,,128
similarity,0,5,transformer,0.06682889526150365,-2.384185791015625e-07,,128
similarity,0,5,known_pool_uniform,0.05365994182662007,-2.384185791015625e-07,,128
similarity,0,5,assignment_oracle,0.0425417766547225,-2.384185791015625e-07,,128
similarity,0,5,ridge_current,0.4906084613216942,-2.384185791015625e-07,,128
similarity,0,5,ridge_history,0.6005244724314042,-2.384185791015625e-07,,128
similarity,0,5,em_ridge_K2,0.06586577184947848,-2.384185791015625e-07,,128
similarity,0,6,transformer,0.04397712286533585,0.0,,128
similarity,0,6,known_pool_uniform,0.04004070021351191,0.0,,128
similarity,0,6,assignment_oracle,0.038090479409255674,0.0,,128
similarity,0,6,ridge_current,0.33822841173634066,0.0,,128
similarity,0,6,ridge_history,0.4376575175203419,0.0,,128
similarity,0,6,em_ridge_K2,0.04031289600253035,0.0,,128
similarity,0,7,transformer,0.054086991683109945,-1.4901161193847656e-08,,128
similarity,0,7,known_pool_uniform,0.04180823642537095,-1.4901161193847656e-08,,128
similarity,0,7,assignment_oracle,0.0416515382913458,-1.4901161193847656e-08,,128
similarity,0,7,ridge_current,0.40150038742838867,-1.4901161193847656e-08,,128
similarity,0,7,ridge_history,0.4810360142951686,-1.4901161193847656e-08,,128
similarity,0,7,em_ridge_K2,0.04488925355143862,-1.4901161193847656e-08,,128
similarity,0,8,transformer,0.04939080726340474,2.6542693376541138e-08,,128
similarity,0,8,known_pool_uniform,0.039010653843921675,2.6542693376541138e-08,,128
similarity,0,8,assignment_oracle,0.03571154470331339,2.6542693376541138e-08,,128
similarity,0,8,ridge_current,0.3700583001873563,2.6542693376541138e-08,,128
similarity,0,8,ridge_history,0.5313984816001062,2.6542693376541138e-08,,128
similarity,0,8,em_ridge_K2,0.04195879025986498,2.6542693376541138e-08,,128
similarity,0,9,transformer,0.05688178349768016,-1.4901161193847656e-08,,128
similarity,0,9,known_pool_uniform,0.04418749540655312,-1.4901161193847656e-08,,128
similarity,0,9,assignment_oracle,0.03469162287139364,-1.4901161193847656e-08,,128
similarity,0,9,ridge_current,0.48441964447197366,-1.4901161193847656e-08,,128
similarity,0,9,ridge_history,0.4985167853915894,-1.4901161193847656e-08,,128
similarity,0,9,em_ridge_K2,0.04470191267598033,-1.4901161193847656e-08,,128
similarity,0.5,0,transformer,0.050270998079245656,0.5000001192092896,,128
similarity,0.5,0,known_pool_uniform,0.03347953167487086,0.5000001192092896,,128
similarity,0.5,0,assignment_oracle,0.03069102962389028,0.5000001192092896,,128
similarity,0.5,0,ridge_current,0.2615014691185682,0.5000001192092896,,128
similarity,0.5,0,ridge_history,0.35388913569925184,0.5000001192092896,,128
similarity,0.5,0,em_ridge_K2,0.03597930449094449,0.5000001192092896,,128
similarity,0.5,1,transformer,0.05557165717166933,0.5,,128
similarity,0.5,1,known_pool_uniform,0.04550240256935517,0.5,,128
similarity,0.5,1,assignment_oracle,0.04334392692602999,0.5,,128
similarity,0.5,1,ridge_current,0.33841053032474205,0.5,,128
similarity,0.5,1,ridge_history,0.29465563231737996,0.5,,128
similarity,0.5,1,em_ridge_K2,0.047088260346086895,0.5,,128
similarity,0.5,2,transformer,0.04850650436548315,0.4999999701976776,,128
similarity,0.5,2,known_pool_uniform,0.037764904196095433,0.4999999701976776,,128
similarity,0.5,2,assignment_oracle,0.03188328003832103,0.4999999701976776,,128
similarity,0.5,2,ridge_current,0.32770905941289435,0.4999999701976776,,128
similarity,0.5,2,ridge_history,0.2835150324845646,0.4999999701976776,,128
similarity,0.5,2,em_ridge_K2,0.04184701707700997,0.4999999701976776,,128
similarity,0.5,3,transformer,0.04976795923436671,0.49999985098838806,,128
similarity,0.5,3,known_pool_uniform,0.04674553501024628,0.49999985098838806,,128
similarity,0.5,3,assignment_oracle,0.046207281446202085,0.49999985098838806,,128
similarity,0.5,3,ridge_current,0.3398013424518266,0.49999985098838806,,128
similarity,0.5,3,ridge_history,0.2720503382512485,0.49999985098838806,,128
similarity,0.5,3,em_ridge_K2,0.05012491865486371,0.49999985098838806,,128
similarity,0.5,4,transformer,0.08405079645754579,0.4999999403953552,,128
similarity,0.5,4,known_pool_uniform,0.0673878916008582,0.4999999403953552,,128
similarity,0.5,4,assignment_oracle,0.039857643809285595,0.4999999403953552,,128
similarity,0.5,4,ridge_current,0.35280926559328507,0.4999999403953552,,128
similarity,0.5,4,ridge_history,0.33423774154857255,0.4999999403953552,,128
similarity,0.5,4,em_ridge_K2,0.07359230184040838,0.4999999403953552,,128
similarity,0.5,5,transformer,0.06200785842297038,0.4999997019767761,,128
similarity,0.5,5,known_pool_uniform,0.07204026011216,0.4999997019767761,,128
similarity,0.5,5,assignment_oracle,0.04254177671254916,0.4999997019767761,,128
similarity,0.5,5,ridge_current,0.5062117806979949,0.4999997019767761,,128
similarity,0.5,5,ridge_history,0.30086226319230325,0.4999997019767761,,128
similarity,0.5,5,em_ridge_K2,0.07542370461338425,0.4999997019767761,,128
similarity,0.5,6,transformer,0.05483941765700669,0.4999999403953552,,128
similarity,0.5,6,known_pool_uniform,0.05637847855717101,0.4999999403953552,,128
similarity,0.5,6,assignment_oracle,0.038090480405819305,0.4999999403953552,,128
similarity,0.5,6,ridge_current,0.3566317629924428,0.4999999403953552,,128
similarity,0.5,6,ridge_history,0.25580670687676,0.4999999403953552,,128
similarity,0.5,6,em_ridge_K2,0.05723781476872111,0.4999999403953552,,128
similarity,0.5,7,transformer,0.0650890041910964,0.5000000596046448,,128
similarity,0.5,7,known_pool_uniform,0.046608230334362316,0.5000000596046448,,128
similarity,0.5,7,assignment_oracle,0.0416515387748602,0.5000000596046448,,128
similarity,0.5,7,ridge_current,0.3438059050485468,0.5000000596046448,,128
similarity,0.5,7,ridge_history,0.2614306454584905,0.5000000596046448,,128
similarity,0.5,7,em_ridge_K2,0.0490750802409784,0.5000000596046448,,128
similarity,0.5,8,transformer,0.045516026650896345,0.5000000596046448,,128
similarity,0.5,8,known_pool_uniform,0.039357541020715,0.5000000596046448,,128
similarity,0.5,8,assignment_oracle,0.03571154460904988,0.5000000596046448,,128
similarity,0.5,8,ridge_current,0.3624411429422996,0.5000000596046448,,128
similarity,0.5,8,ridge_history,0.2673872017527158,0.5000000596046448,,128
similarity,0.5,8,em_ridge_K2,0.04358180665719455,0.5000000596046448,,128
similarity,0.5,9,transformer,0.061703554171428684,0.5,,128
similarity,0.5,9,known_pool_uniform,0.039926447598968184,0.5,,128
similarity,0.5,9,assignment_oracle,0.03469162630548238,0.5,,128
similarity,0.5,9,ridge_current,0.4835780902700858,0.5,,128
similarity,0.5,9,ridge_history,0.26672923041924146,0.5,,128
similarity,0.5,9,em_ridge_K2,0.04063634728126217,0.5,,128
similarity,0.9,0,transformer,0.05593738844792676,0.8999999761581421,,128
similarity,0.9,0,known_pool_uniform,0.04349139355266324,0.8999999761581421,,128
similarity,0.9,0,assignment_oracle,0.03069103037239468,0.8999999761581421,,128
similarity,0.9,0,ridge_current,0.24805593561859096,0.8999999761581421,,128
similarity,0.9,0,ridge_history,0.09704098958024512,0.8999999761581421,,128
similarity,0.9,0,em_ridge_K2,0.0490014810650046,0.8999999761581421,,128
similarity,0.9,1,transformer,0.056941406940083726,0.8999999761581421,,128
similarity,0.9,1,known_pool_uniform,0.048865222108868706,0.8999999761581421,,128
similarity,0.9,1,assignment_oracle,0.04334392574354714,0.8999999761581421,,128
similarity,0.9,1,ridge_current,0.3540676364423087,0.8999999761581421,,128
similarity,0.9,1,ridge_history,0.09297041725299504,0.8999999761581421,,128
similarity,0.9,1,em_ridge_K2,0.05247353349393195,0.8999999761581421,,128
similarity,0.9,2,transformer,0.04755297183069061,0.8999999165534973,,128
similarity,0.9,2,known_pool_uniform,0.04032137936313316,0.8999999165534973,,128
similarity,0.9,2,assignment_oracle,0.03188328087042797,0.8999999165534973,,128
similarity,0.9,2,ridge_current,0.32627795163442197,0.8999999165534973,,128
similarity,0.9,2,ridge_history,0.08554872909872174,0.8999999165534973,,128
similarity,0.9,2,em_ridge_K2,0.04265352899299198,0.8999999165534973,,128
similarity,0.9,3,transformer,0.0571223641574862,0.9000000357627869,,128
similarity,0.9,3,known_pool_uniform,0.05094793310798181,0.9000000357627869,,128
similarity,0.9,3,assignment_oracle,0.046207279948931604,0.9000000357627869,,128
similarity,0.9,3,ridge_current,0.3425579589008095,0.9000000357627869,,128
similarity,0.9,3,ridge_history,0.0912660319815185,0.9000000357627869,,128
similarity,0.9,3,em_ridge_K2,0.05395377314943425,0.9000000357627869,,128
similarity,0.9,4,transformer,0.06840729721845058,0.8999999165534973,,128
similarity,0.9,4,known_pool_uniform,0.06337085860949912,0.8999999165534973,,128
similarity,0.9,4,assignment_oracle,0.03985764482827049,0.8999999165534973,,128
similarity,0.9,4,ridge_current,0.32333394393221054,0.8999999165534973,,128
similarity,0.9,4,ridge_history,0.09713717162269224,0.8999999165534973,,128
similarity,0.9,4,em_ridge_K2,0.07022212928448587,0.8999999165534973,,128
similarity,0.9,5,transformer,0.05617067434692137,0.8999997973442078,,128
similarity,0.9,5,known_pool_uniform,0.04907906131581541,0.8999997973442078,,128
similarity,0.9,5,assignment_oracle,0.04254177591743423,0.8999997973442078,,128
similarity,0.9,5,ridge_current,0.5440032244093109,0.8999997973442078,,128
similarity,0.9,5,ridge_history,0.08212491585001902,0.8999997973442078,,128
similarity,0.9,5,em_ridge_K2,0.05338830617573169,0.8999997973442078,,128
similarity,0.9,6,transformer,0.054343484675323475,0.8999999165534973,,128
similarity,0.9,6,known_pool_uniform,0.05041024825063142,0.8999999165534973,,128
similarity,0.9,6,assignment_oracle,0.038090480125581264,0.8999999165534973,,128
similarity,0.9,6,ridge_current,0.3631936398904979,0.8999999165534973,,128
similarity,0.9,6,ridge_history,0.08649954238823226,0.8999999165534973,,128
similarity,0.9,6,em_ridge_K2,0.05267722771137405,0.8999999165534973,,128
similarity,0.9,7,transformer,0.07031416114999152,0.9000000953674316,,128
similarity,0.9,7,known_pool_uniform,0.04816526262405751,0.9000000953674316,,128
similarity,0.9,7,assignment_oracle,0.04165153980948155,0.9000000953674316,,128
similarity,0.9,7,ridge_current,0.34266362203176476,0.9000000953674316,,128
similarity,0.9,7,ridge_history,0.08670367277663468,0.9000000953674316,,128
similarity,0.9,7,em_ridge_K2,0.05292503845282386,0.9000000953674316,,128
similarity,0.9,8,transformer,0.048092127238424744,0.8999999761581421,,128
similarity,0.9,8,known_pool_uniform,0.041470651883549155,0.8999999761581421,,128
similarity,0.9,8,assignment_oracle,0.035711546418822245,0.8999999761581421,,128
similarity,0.9,8,ridge_current,0.39594039069611864,0.8999999761581421,,128
similarity,0.9,8,ridge_history,0.07770461831300514,0.8999999761581421,,128
similarity,0.9,8,em_ridge_K2,0.04694612595165841,0.8999999761581421,,128
similarity,0.9,9,transformer,0.05576944782264413,0.8999999761581421,,128
similarity,0.9,9,known_pool_uniform,0.049224131338579946,0.8999999761581421,,128
similarity,0.9,9,assignment_oracle,0.03469162951392726,0.8999999761581421,,128
similarity,0.9,9,ridge_current,0.474142201649277,0.8999999761581421,,128
similarity,0.9,9,ridge_history,0.08073316078147941,0.8999999761581421,,128
similarity,0.9,9,em_ridge_K2,0.049939617751857665,0.8999999761581421,,128
similarity,0.99,0,transformer,0.040439421134288014,0.9900001287460327,,128
similarity,0.99,0,known_pool_uniform,0.03386380614354843,0.9900001287460327,,128
similarity,0.99,0,assignment_oracle,0.03069103136511626,0.9900001287460327,,128
similarity,0.99,0,ridge_current,0.24832460602662185,0.9900001287460327,,128
similarity,0.99,0,ridge_history,0.03769391058440423,0.9900001287460327,,128
similarity,0.99,0,em_ridge_K2,0.04022907542823059,0.9900001287460327,,128
similarity,0.99,1,transformer,0.04837567067536533,0.9900000095367432,,128
similarity,0.99,1,known_pool_uniform,0.04674228004730354,0.9900000095367432,,128
similarity,0.99,1,assignment_oracle,0.04334392506063764,0.9900000095367432,,128
similarity,0.99,1,ridge_current,0.36628471361945203,0.9900000095367432,,128
similarity,0.99,1,ridge_history,0.048656193783297136,0.9900000095367432,,128
similarity,0.99,1,em_ridge_K2,0.04978630689784361,0.9900000095367432,,128
similarity,0.99,2,transformer,0.0385381110851464,0.9900000095367432,,128
similarity,0.99,2,known_pool_uniform,0.03550319031946728,0.9900000095367432,,128
similarity,0.99,2,assignment_oracle,0.03188327969103127,0.9900000095367432,,128
similarity,0.99,2,ridge_current,0.3451035021656228,0.9900000095367432,,128
similarity,0.99,2,ridge_history,0.038024722764161537,0.9900000095367432,,128
similarity,0.99,2,em_ridge_K2,0.039123120102590045,0.9900000095367432,,128
similarity,0.99,3,transformer,0.053750082168343226,0.9900001287460327,,128
similarity,0.99,3,known_pool_uniform,0.04740717196417356,0.9900001287460327,,128
similarity,0.99,3,assignment_oracle,0.04620728171484091,0.9900001287460327,,128
similarity,0.99,3,ridge_current,0.3586784832422541,0.9900001287460327,,128
similarity,0.99,3,ridge_history,0.05247614033338836,0.9900001287460327,,128
similarity,0.99,3,em_ridge_K2,0.052842753717513846,0.9900001287460327,,128
similarity,0.99,4,transformer,0.046599864295213386,0.9899999499320984,,128
similarity,0.99,4,known_pool_uniform,0.04391573648046019,0.9899999499320984,,128
similarity,0.99,4,assignment_oracle,0.039857644564711706,0.9899999499320984,,128
similarity,0.99,4,ridge_current,0.30681763506604676,0.9899999499320984,,128
similarity,0.99,4,ridge_history,0.04642402538132481,0.9899999499320984,,128
similarity,0.99,4,em_ridge_K2,0.05304760844024202,0.9899999499320984,,128
similarity,0.99,5,transformer,0.04392557212615683,0.9899998307228088,,128
similarity,0.99,5,known_pool_uniform,0.041526789489988516,0.9899998307228088,,128
similarity,0.99,5,assignment_oracle,0.04254177480784458,0.9899998307228088,,128
similarity,0.99,5,ridge_current,0.5532655391713539,0.9899998307228088,,128
similarity,0.99,5,ridge_history,0.04170325937077034,0.9899998307228088,,128
similarity,0.99,5,em_ridge_K2,0.041419410028885405,0.9899998307228088,,128
similarity,0.99,6,transformer,0.04254411111516941,0.9899999499320984,,128
similarity,0.99,6,known_pool_uniform,0.0414981046802141,0.9899999499320984,,128
similarity,0.99,6,assignment_oracle,0.038090479275465265,0.9899999499320984,,128
similarity,0.99,6,ridge_current,0.35965087476119256,0.9899999499320984,,128
similarity,0.99,6,ridge_history,0.043823774562686796,0.9899999499320984,,128
similarity,0.99,6,em_ridge_K2,0.04395575269952433,0.9899999499320984,,128
similarity,0.99,7,transformer,0.05363954037953102,0.9900000095367432,,128
similarity,0.99,7,known_pool_uniform,0.04512279020981218,0.9900000095367432,,128
similarity,0.99,7,assignment_oracle,0.041651539928515474,0.9900000095367432,,128
similarity,0.99,7,ridge_current,0.3762639573352865,0.9900000095367432,,128
similarity,0.99,7,ridge_history,0.04765543346259888,0.9900000095367432,,128
similarity,0.99,7,em_ridge_K2,0.05281789315123071,0.9900000095367432,,128
similarity,0.99,8,transformer,0.04006765840672767,0.9900000095367432,,128
similarity,0.99,8,known_pool_uniform,0.03759497000845854,0.9900000095367432,,128
similarity,0.99,8,assignment_oracle,0.0357115462224097,0.9900000095367432,,128
similarity,0.99,8,ridge_current,0.41585271428819864,0.9900000095367432,,128
similarity,0.99,8,ridge_history,0.039584467259536474,0.9900000095367432,,128
similarity,0.99,8,em_ridge_K2,0.04125091545418086,0.9900000095367432,,128
similarity,0.99,9,transformer,0.041395921652530546,0.9899999499320984,,128
similarity,0.99,9,known_pool_uniform,0.03747462606782703,0.9899999499320984,,128
similarity,0.99,9,assignment_oracle,0.03469162570165414,0.9899999499320984,,128
similarity,0.99,9,ridge_current,0.4696948085809885,0.9899999499320984,,128
similarity,0.99,9,ridge_history,0.0384640900435826,0.9899999499320984,,128
similarity,0.99,9,em_ridge_K2,0.04017349539718955,0.9899999499320984,,128
similarity,1.0,0,transformer,0.036350019788316854,1.0,,128
similarity,1.0,0,known_pool_uniform,0.03069102846236616,1.0,,128
similarity,1.0,0,assignment_oracle,0.03069102846236616,1.0,,128
similarity,1.0,0,ridge_current,0.24993394030070654,1.0,,128
similarity,1.0,0,ridge_history,0.03229158724190793,1.0,,128
similarity,1.0,0,em_ridge_K2,0.033848765156177824,1.0,,128
similarity,1.0,1,transformer,0.04727322837934245,1.0,,128
similarity,1.0,1,known_pool_uniform,0.04334392545944042,1.0,,128
similarity,1.0,1,assignment_oracle,0.04334392545944042,1.0,,128
similarity,1.0,1,ridge_current,0.3701621326392458,1.0,,128
similarity,1.0,1,ridge_history,0.044948580091692864,1.0,,128
similarity,1.0,1,em_ridge_K2,0.047518338474827865,1.0,,128
similarity,1.0,2,transformer,0.037556632577546475,1.0,,128
similarity,1.0,2,known_pool_uniform,0.0318832804239649,1.0,,128
similarity,1.0,2,assignment_oracle,0.0318832804239649,1.0,,128
similarity,1.0,2,ridge_current,0.35583193342976627,1.0,,128
similarity,1.0,2,ridge_history,0.03313921463049217,1.0,,128
similarity,1.0,2,em_ridge_K2,0.0357522878270536,1.0,,128
similarity,1.0,3,transformer,0.05333867693229984,1.0000001192092896,,128
similarity,1.0,3,known_pool_uniform,0.046207284390799006,1.0000001192092896,,128
similarity,1.0,3,assignment_oracle,0.046207284390799006,1.0000001192092896,,128
similarity,1.0,3,ridge_current,0.36925383370003745,1.0000001192092896,,128
similarity,1.0,3,ridge_history,0.049682984710393494,1.0000001192092896,,128
similarity,1.0,3,em_ridge_K2,0.05060081156802333,1.0000001192092896,,128
similarity,1.0,4,transformer,0.04373612050878911,0.9999999403953552,,128
similarity,1.0,4,known_pool_uniform,0.03985764487065764,0.9999999403953552,,128
similarity,1.0,4,assignment_oracle,0.03985764487065764,0.9999999403953552,,128
similarity,1.0,4,ridge_current,0.3023219544492952,0.9999999403953552,,128
similarity,1.0,4,ridge_history,0.041994890393234355,0.9999999403953552,,128
similarity,1.0,4,em_ridge_K2,0.046556378797889625,0.9999999403953552,,128
similarity,1.0,5,transformer,0.04642545411431247,0.9999998211860657,,128
similarity,1.0,5,known_pool_uniform,0.04254177682978251,0.9999998211860657,,128
similarity,1.0,5,assignment_oracle,0.04254177682978251,0.9999998211860657,,128
similarity,1.0,5,ridge_current,0.5534576728681367,0.9999998211860657,,128
similarity,1.0,5,ridge_history,0.042541487294657926,0.9999998211860657,,128
similarity,1.0,5,em_ridge_K2,0.043494895449925804,0.9999998211860657,,128
similarity,1.0,6,transformer,0.03961984202016253,1.0,,128
similarity,1.0,6,known_pool_uniform,0.038090480368467586,1.0,,128
similarity,1.0,6,assignment_oracle,0.038090480368467586,1.0,,128
similarity,1.0,6,ridge_current,0.3570853680734972,1.0,,128
similarity,1.0,6,ridge_history,0.038868085013131104,1.0,,128
similarity,1.0,6,em_ridge_K2,0.040533604167739795,1.0,,128
similarity,1.0,7,transformer,0.05049320367878925,1.0000001192092896,,128
similarity,1.0,7,known_pool_uniform,0.041651540087225436,1.0000001192092896,,128
similarity,1.0,7,assignment_oracle,0.041651540087225436,1.0000001192092896,,128
similarity,1.0,7,ridge_current,0.3966422105747558,1.0000001192092896,,128
similarity,1.0,7,ridge_history,0.0433944759091241,1.0000001192092896,,128
similarity,1.0,7,em_ridge_K2,0.04643312690169704,1.0000001192092896,,128
similarity,1.0,8,transformer,0.038183846868275535,1.0,,128
similarity,1.0,8,known_pool_uniform,0.03571154383036144,1.0,,128
similarity,1.0,8,assignment_oracle,0.03571154383036144,1.0,,128
similarity,1.0,8,ridge_current,0.42221760730119967,1.0,,128
similarity,1.0,8,ridge_history,0.03696160394393171,1.0,,128
similarity,1.0,8,em_ridge_K2,0.03510561138732195,1.0,,128
similarity,1.0,9,transformer,0.03907389493176148,1.0,,128
similarity,1.0,9,known_pool_uniform,0.03469162504373207,1.0,,128
similarity,1.0,9,assignment_oracle,0.03469162504373207,1.0,,128
similarity,1.0,9,ridge_current,0.4684887869527849,1.0,,128
similarity,1.0,9,ridge_history,0.0353380426055768,1.0,,128
similarity,1.0,9,em_ridge_K2,0.038069700730477815,1.0,,128
imbalance,0.5,0,transformer,0.03964208301542606,-0.693975031375885,24.796875,128
imbalance,0.5,0,known_pool_uniform,0.03909607187196872,-0.693975031375885,24.796875,128
imbalance,0.5,0,assignment_oracle,0.03913834549196212,-0.693975031375885,24.796875,128
imbalance,0.5,0,ridge_current,0.3948088491541023,-0.693975031375885,24.796875,128
imbalance,0.5,0,ridge_history,1.0423357189237996,-0.693975031375885,24.796875,128
imbalance,0.5,0,em_ridge_K2,0.039377524724971316,-0.693975031375885,24.796875,128
imbalance,0.5,1,transformer,0.042619071078654175,-0.38634976744651794,24.328125,128
imbalance,0.5,1,known_pool_uniform,0.05127241154771199,-0.38634976744651794,24.328125,128
imbalance,0.5,1,assignment_oracle,0.03879466712960063,-0.38634976744651794,24.328125,128
imbalance,0.5,1,ridge_current,0.4442459851795154,-0.38634976744651794,24.328125,128
imbalance,0.5,1,ridge_history,0.8543343603346003,-0.38634976744651794,24.328125,128
imbalance,0.5,1,em_ridge_K2,0.06201975448991823,-0.38634976744651794,24.328125,128
imbalance,0.5,2,transformer,0.056919109144140154,0.47959423065185547,24.1328125,128
imbalance,0.5,2,known_pool_uniform,0.05026709681620278,0.47959423065185547,24.1328125,128
imbalance,0.5,2,assignment_oracle,0.04859194978325557,0.47959423065185547,24.1328125,128
imbalance,0.5,2,ridge_current,0.4099761347970907,0.47959423065185547,24.1328125,128
imbalance,0.5,2,ridge_history,0.2482259499881505,0.47959423065185547,24.1328125,128
imbalance,0.5,2,em_ridge_K2,0.054875591975758684,0.47959423065185547,24.1328125,128
imbalance,0.5,3,transformer,0.03976555989096762,-0.7924514412879944,24.2578125,128
imbalance,0.5,3,known_pool_uniform,0.03517779169935536,-0.7924514412879944,24.2578125,128
imbalance,0.5,3,assignment_oracle,0.034042842471777746,-0.7924514412879944,24.2578125,128
imbalance,0.5,3,ridge_current,0.4537713508668385,-0.7924514412879944,24.2578125,128
imbalance,0.5,3,ridge_history,1.0249525118954343,-0.7924514412879944,24.2578125,128
imbalance,0.5,3,em_ridge_K2,0.0385822559577752,-0.7924514412879944,24.2578125,128
imbalance,0.5,4,transformer,0.03875183337044262,-0.4271995425224304,24.671875,128
imbalance,0.5,4,known_pool_uniform,0.036406417892845974,-0.4271995425224304,24.671875,128
imbalance,0.5,4,assignment_oracle,0.03402110622582678,-0.4271995425224304,24.671875,128
imbalance,0.5,4,ridge_current,0.34722544704445885,-0.4271995425224304,24.671875,128
imbalance,0.5,4,ridge_history,0.7762379163479279,-0.4271995425224304,24.671875,128
imbalance,0.5,4,em_ridge_K2,0.03844644696684066,-0.4271995425224304,24.671875,128
imbalance,0.5,5,transformer,0.057402277161301515,-0.5764790177345276,24.6796875,128
imbalance,0.5,5,known_pool_uniform,0.08026412535799132,-0.5764790177345276,24.6796875,128
imbalance,0.5,5,assignment_oracle,0.05033710202710848,-0.5764790177345276,24.6796875,128
imbalance,0.5,5,ridge_current,0.47074740565221773,-0.5764790177345276,24.6796875,128
imbalance,0.5,5,ridge_history,0.9628243236381162,-0.5764790177345276,24.6796875,128
imbalance,0.5,5,em_ridge_K2,0.0791241848089854,-0.5764790177345276,24.6796875,128
imbalance,0.5,6,transformer,0.04934015069030133,-0.014601051807403564,24.734375,128
imbalance,0.5,6,known_pool_uniform,0.049056739915746925,-0.014601051807403564,24.734375,128
imbalance,0.5,6,assignment_oracle,0.03478708751142094,-0.014601051807403564,24.734375,128
imbalance,0.5,6,ridge_current,0.3694927584827268,-0.014601051807403564,24.734375,128
imbalance,0.5,6,ridge_history,0.5694379617409528,-0.014601051807403564,24.734375,128
imbalance,0.5,6,em_ridge_K2,0.04718154174011727,-0.014601051807403564,24.734375,128
imbalance,0.5,7,transformer,0.08620698740102421,-0.8633620738983154,24.734375,128
imbalance,0.5,7,known_pool_uniform,0.05910213601637717,-0.8633620738983154,24.734375,128
imbalance,0.5,7,assignment_oracle,0.04318499664644471,-0.8633620738983154,24.734375,128
imbalance,0.5,7,ridge_current,0.3665849217506186,-0.8633620738983154,24.734375,128
imbalance,0.5,7,ridge_history,1.0481040570245101,-0.8633620738983154,24.734375,128
imbalance,0.5,7,em_ridge_K2,0.06491767577940634,-0.8633620738983154,24.734375,128
imbalance,0.5,8,transformer,0.04686852664876334,-0.1963925063610077,24.796875,128
imbalance,0.5,8,known_pool_uniform,0.03545488284463065,-0.1963925063610077,24.796875,128
imbalance,0.5,8,assignment_oracle,0.03544206122035676,-0.1963925063610077,24.796875,128
imbalance,0.5,8,ridge_current,0.4340653222245368,-0.1963925063610077,24.796875,128
imbalance,0.5,8,ridge_history,0.5818065399038668,-0.1963925063610077,24.796875,128
imbalance,0.5,8,em_ridge_K2,0.03776235612097799,-0.1963925063610077,24.796875,128
imbalance,0.5,9,transformer,0.04688237810948119,0.3574264645576477,24.2109375,128
imbalance,0.5,9,known_pool_uniform,0.035491594433669074,0.3574264645576477,24.2109375,128
imbalance,0.5,9,assignment_oracle,0.03177380761523138,0.3574264645576477,24.2109375,128
imbalance,0.5,9,ridge_current,0.2765740938761068,0.3574264645576477,24.2109375,128
imbalance,0.5,9,ridge_history,0.41078363769965476,0.3574264645576477,24.2109375,128
imbalance,0.5,9,em_ridge_K2,0.04074452943920045,0.3574264645576477,24.2109375,128
imbalance,0.8,0,transformer,0.07202232415377827,-0.693975031375885,9.828125,128
imbalance,0.8,0,known_pool_uniform,0.03909607187196872,-0.693975031375885,9.828125,128
imbalance,0.8,0,assignment_oracle,0.03913834549196212,-0.693975031375885,9.828125,128
imbalance,0.8,0,ridge_current,0.3948088491541023,-0.693975031375885,9.828125,128
imbalance,0.8,0,ridge_history,2.330018713905959,-0.693975031375885,9.828125,128
imbalance,0.8,0,em_ridge_K2,0.045519678796280216,-0.693975031375885,9.828125,128
imbalance,0.8,1,transformer,0.06757972820955203,-0.38634976744651794,9.5703125,128
imbalance,0.8,1,known_pool_uniform,0.05127241154771199,-0.38634976744651794,9.5703125,128
imbalance,0.8,1,assignment_oracle,0.03879466712960063,-0.38634976744651794,9.5703125,128
imbalance,0.8,1,ridge_current,0.4442459851795154,-0.38634976744651794,9.5703125,128
imbalance,0.8,1,ridge_history,2.1010867912778277,-0.38634976744651794,9.5703125,128
imbalance,0.8,1,em_ridge_K2,0.07404846357484551,-0.38634976744651794,9.5703125,128
imbalance,0.8,2,transformer,0.07670984704098557,0.47959423065185547,9.5234375,128
imbalance,0.8,2,known_pool_uniform,0.05026709681620278,0.47959423065185547,9.5234375,128
imbalance,0.8,2,assignment_oracle,0.04859194978325557,0.47959423065185547,9.5234375,128
imbalance,0.8,2,ridge_current,0.4099761347970907,0.47959423065185547,9.5234375,128
imbalance,0.8,2,ridge_history,0.5729326097456009,0.47959423065185547,9.5234375,128
imbalance,0.8,2,em_ridge_K2,0.06223118617291928,0.47959423065185547,9.5234375,128
imbalance,0.8,3,transformer,0.05516466410861221,-0.7924514412879944,9.9921875,128
imbalance,0.8,3,known_pool_uniform,0.03517779169935536,-0.7924514412879944,9.9921875,128
imbalance,0.8,3,assignment_oracle,0.034042842471777746,-0.7924514412879944,9.9921875,128
imbalance,0.8,3,ridge_current,0.4537713508668385,-0.7924514412879944,9.9921875,128
imbalance,0.8,3,ridge_history,2.417303770789245,-0.7924514412879944,9.9921875,128
imbalance,0.8,3,em_ridge_K2,0.06804978697804875,-0.7924514412879944,9.9921875,128
imbalance,0.8,4,transformer,0.06605760689011897,-0.4271995425224304,10.1796875,128
imbalance,0.8,4,known_pool_uniform,0.036406417892845974,-0.4271995425224304,10.1796875,128
imbalance,0.8,4,assignment_oracle,0.03402110622582678,-0.4271995425224304,10.1796875,128
imbalance,0.8,4,ridge_current,0.34722544704445885,-0.4271995425224304,10.1796875,128
imbalance,0.8,4,ridge_history,1.802994416925904,-0.4271995425224304,10.1796875,128
imbalance,0.8,4,em_ridge_K2,0.0551064721964175,-0.4271995425224304,10.1796875,128
imbalance,0.8,5,transformer,0.09004744260983767,-0.5764790177345276,10.046875,128
imbalance,0.8,5,known_pool_uniform,0.08026412535799132,-0.5764790177345276,10.046875,128
imbalance,0.8,5,assignment_oracle,0.05033710202710848,-0.5764790177345276,10.046875,128
imbalance,0.8,5,ridge_current,0.47074740565221773,-0.5764790177345276,10.046875,128
imbalance,0.8,5,ridge_history,2.179106196247147,-0.5764790177345276,10.046875,128
imbalance,0.8,5,em_ridge_K2,0.09830448410561518,-0.5764790177345276,10.046875,128
imbalance,0.8,6,transformer,0.09524617237903779,-0.014601051807403564,9.734375,128
imbalance,0.8,6,known_pool_uniform,0.049056739915746925,-0.014601051807403564,9.734375,128
imbalance,0.8,6,assignment_oracle,0.03478708751142094,-0.014601051807403564,9.734375,128
imbalance,0.8,6,ridge_current,0.3694927584827268,-0.014601051807403564,9.734375,128
imbalance,0.8,6,ridge_history,1.3928613106836196,-0.014601051807403564,9.734375,128
imbalance,0.8,6,em_ridge_K2,0.09133536701173567,-0.014601051807403564,9.734375,128
imbalance,0.8,7,transformer,0.16946819267028657,-0.8633620738983154,9.59375,128
imbalance,0.8,7,known_pool_uniform,0.05910213601637717,-0.8633620738983154,9.59375,128
imbalance,0.8,7,assignment_oracle,0.04318499664644471,-0.8633620738983154,9.59375,128
imbalance,0.8,7,ridge_current,0.3665849217506186,-0.8633620738983154,9.59375,128
imbalance,0.8,7,ridge_history,2.4876362344403926,-0.8633620738983154,9.59375,128
imbalance,0.8,7,em_ridge_K2,0.11209102317001579,-0.8633620738983154,9.59375,128
imbalance,0.8,8,transformer,0.10224639163100233,-0.1963925063610077,10.0234375,128
imbalance,0.8,8,known_pool_uniform,0.03545488284463065,-0.1963925063610077,10.0234375,128
imbalance,0.8,8,assignment_oracle,0.03544206122035676,-0.1963925063610077,10.0234375,128
imbalance,0.8,8,ridge_current,0.4340653222245368,-0.1963925063610077,10.0234375,128
imbalance,0.8,8,ridge_history,1.4691632432563033,-0.1963925063610077,10.0234375,128
imbalance,0.8,8,em_ridge_K2,0.07067970568749338,-0.1963925063610077,10.0234375,128
imbalance,0.8,9,transformer,0.07203775411542708,0.3574264645576477,9.9296875,128
imbalance,0.8,9,known_pool_uniform,0.035491594433669074,0.3574264645576477,9.9296875,128
imbalance,0.8,9,assignment_oracle,0.03177380761523138,0.3574264645576477,9.9296875,128
imbalance,0.8,9,ridge_current,0.2765740938761068,0.3574264645576477,9.9296875,128
imbalance,0.8,9,ridge_history,0.9882630757310961,0.3574264645576477,9.9296875,128
imbalance,0.8,9,em_ridge_K2,0.05328748561223354,0.3574264645576477,9.9296875,128
imbalance,0.95,0,transformer,0.3370955589401753,-0.693975031375885,2.4296875,128
imbalance,0.95,0,known_pool_uniform,0.03909607187196872,-0.693975031375885,2.4296875,128
imbalance,0.95,0,assignment_oracle,0.03913834549196212,-0.693975031375885,2.4296875,128
imbalance,0.95,0,ridge_current,0.3948088491541023,-0.693975031375885,2.4296875,128
imbalance,0.95,0,ridge_history,3.1790714444481614,-0.693975031375885,2.4296875,128
imbalance,0.95,0,em_ridge_K2,0.3069086500591085,-0.693975031375885,2.4296875,128
imbalance,0.95,1,transformer,0.38426721723986224,-0.38634976744651794,2.5,128
imbalance,0.95,1,known_pool_uniform,0.05127241154771199,-0.38634976744651794,2.5,128
imbalance,0.95,1,assignment_oracle,0.03879466712960063,-0.38634976744651794,2.5,128
imbalance,0.95,1,ridge_current,0.4442459851795154,-0.38634976744651794,2.5,128
imbalance,0.95,1,ridge_history,2.9885955770038244,-0.38634976744651794,2.5,128
imbalance,0.95,1,em_ridge_K2,0.4360030725575429,-0.38634976744651794,2.5,128
imbalance,0.95,2,transformer,0.31503150350058806,0.47959423065185547,2.2421875,128
imbalance,0.95,2,known_pool_uniform,0.05026709681620278,0.47959423065185547,2.2421875,128
imbalance,0.95,2,assignment_oracle,0.04859194978325557,0.47959423065185547,2.2421875,128
imbalance,0.95,2,ridge_current,0.4099761347970907,0.47959423065185547,2.2421875,128
imbalance,0.95,2,ridge_history,0.8097800421555831,0.47959423065185547,2.2421875,128
imbalance,0.95,2,em_ridge_K2,0.403489968771494,0.47959423065185547,2.2421875,128
imbalance,0.95,3,transformer,0.3057254348360874,-0.7924514412879944,2.6875,128
imbalance,0.95,3,known_pool_uniform,0.03517779169935536,-0.7924514412879944,2.6875,128
imbalance,0.95,3,assignment_oracle,0.034042842471777746,-0.7924514412879944,2.6875,128
imbalance,0.95,3,ridge_current,0.4537713508668385,-0.7924514412879944,2.6875,128
imbalance,0.95,3,ridge_history,3.296941398975,-0.7924514412879944,2.6875,128
imbalance,0.95,3,em_ridge_K2,0.3540681259829418,-0.7924514412879944,2.6875,128
imbalance,0.95,4,transformer,0.26224225863242145,-0.4271995425224304,2.5546875,128
imbalance,0.95,4,known_pool_uniform,0.036406417892845974,-0.4271995425224304,2.5546875,128
imbalance,0.95,4,assignment_oracle,0.03402110622582678,-0.4271995425224304,2.5546875,128
imbalance,0.95,4,ridge_current,0.34722544704445885,-0.4271995425224304,2.5546875,128
imbalance,0.95,4,ridge_history,2.640675300265133,-0.4271995425224304,2.5546875,128
imbalance,0.95,4,em_ridge_K2,0.3085114070616046,-0.4271995425224304,2.5546875,128
imbalance,0.95,5,transformer,0.6007041693550024,-0.5764790177345276,2.6171875,128
imbalance,0.95,5,known_pool_uniform,0.08026412535799132,-0.5764790177345276,2.6171875,128
imbalance,0.95,5,assignment_oracle,0.05033710202710848,-0.5764790177345276,2.6171875,128
imbalance,0.95,5,ridge_current,0.47074740565221773,-0.5764790177345276,2.6171875,128
imbalance,0.95,5,ridge_history,3.0027025359082278,-0.5764790177345276,2.6171875,128
imbalance,0.95,5,em_ridge_K2,0.6649025918178626,-0.5764790177345276,2.6171875,128
imbalance,0.95,6,transformer,0.36472789790303817,-0.014601051807403564,2.6171875,128
imbalance,0.95,6,known_pool_uniform,0.049056739915746925,-0.014601051807403564,2.6171875,128
imbalance,0.95,6,assignment_oracle,0.03478708751142094,-0.014601051807403564,2.6171875,128
imbalance,0.95,6,ridge_current,0.3694927584827268,-0.014601051807403564,2.6171875,128
imbalance,0.95,6,ridge_history,1.8977434974291223,-0.014601051807403564,2.6171875,128
imbalance,0.95,6,em_ridge_K2,0.5374374569555147,-0.014601051807403564,2.6171875,128
imbalance,0.95,7,transformer,0.4093611897047129,-0.8633620738983154,2.4296875,128
imbalance,0.95,7,known_pool_uniform,0.05910213601637717,-0.8633620738983154,2.4296875,128
imbalance,0.95,7,assignment_oracle,0.04318499664644471,-0.8633620738983154,2.4296875,128
imbalance,0.95,7,ridge_current,0.3665849217506186,-0.8633620738983154,2.4296875,128
imbalance,0.95,7,ridge_history,3.369114928106868,-0.8633620738983154,2.4296875,128
imbalance,0.95,7,em_ridge_K2,0.4156122801800905,-0.8633620738983154,2.4296875,128
imbalance,0.95,8,transformer,0.3406231623105611,-0.1963925063610077,2.5859375,128
imbalance,0.95,8,known_pool_uniform,0.03545488284463065,-0.1963925063610077,2.5859375,128
imbalance,0.95,8,assignment_oracle,0.03544206122035676,-0.1963925063610077,2.5859375,128
imbalance,0.95,8,ridge_current,0.4340653222245368,-0.1963925063610077,2.5859375,128
imbalance,0.95,8,ridge_history,2.032613570815387,-0.1963925063610077,2.5859375,128
imbalance,0.95,8,em_ridge_K2,0.3632106649517247,-0.1963925063610077,2.5859375,128
imbalance,0.95,9,transformer,0.40318243796945485,0.3574264645576477,2.3828125,128
imbalance,0.95,9,known_pool_uniform,0.035491594433669074,0.3574264645576477,2.3828125,128
imbalance,0.95,9,assignment_oracle,0.03177380761523138,0.3574264645576477,2.3828125,128
imbalance,0.95,9,ridge_current,0.2765740938761068,0.3574264645576477,2.3828125,128
imbalance,0.95,9,ridge_history,1.3735694217729173,0.3574264645576477,2.3828125,128
imbalance,0.95,9,em_ridge_K2,0.49639710437794204,0.3574264645576477,2.3828125,128
imbalance,0.99,0,transformer,1.2624697792623651,-0.693975031375885,0.4453125,128
imbalance,0.99,0,known_pool_uniform,0.03909607187196872,-0.693975031375885,0.4453125,128
imbalance,0.99,0,assignment_oracle,0.03913834549196212,-0.693975031375885,0.4453125,128
imbalance,0.99,0,ridge_current,0.3948088491541023,-0.693975031375885,0.4453125,128
imbalance,0.99,0,ridge_history,3.4568460046735483,-0.693975031375885,0.4453125,128
imbalance,0.99,0,em_ridge_K2,2.1659790183745864,-0.693975031375885,0.4453125,128
imbalance,0.99,1,transformer,1.2243056626491424,-0.38634976744651794,0.5,128
imbalance,0.99,1,known_pool_uniform,0.05127241154771199,-0.38634976744651794,0.5,128
imbalance,0.99,1,assignment_oracle,0.03879466712960063,-0.38634976744651794,0.5,128
imbalance,0.99,1,ridge_current,0.4442459851795154,-0.38634976744651794,0.5,128
imbalance,0.99,1,ridge_history,3.212698447117152,-0.38634976744651794,0.5,128
imbalance,0.99,1,em_ridge_K2,1.924963758695633,-0.38634976744651794,0.5,128
imbalance,0.99,2,transformer,0.4869104399397848,0.47959423065185547,0.4296875,128
imbalance,0.99,2,known_pool_uniform,0.05026709681620278,0.47959423065185547,0.4296875,128
imbalance,0.99,2,assignment_oracle,0.04859194978325557,0.47959423065185547,0.4296875,128
imbalance,0.99,2,ridge_current,0.4099761347970907,0.47959423065185547,0.4296875,128
imbalance,0.99,2,ridge_history,0.867456102855924,0.47959423065185547,0.4296875,128
imbalance,0.99,2,em_ridge_K2,0.6538716573137211,0.47959423065185547,0.4296875,128
imbalance,0.99,3,transformer,1.230464730925755,-0.7924514412879944,0.5625,128
imbalance,0.99,3,known_pool_uniform,0.03517779169935536,-0.7924514412879944,0.5625,128
imbalance,0.99,3,assignment_oracle,0.034042842471777746,-0.7924514412879944,0.5625,128
imbalance,0.99,3,ridge_current,0.4537713508668385,-0.7924514412879944,0.5625,128
imbalance,0.99,3,ridge_history,3.754490923058511,-0.7924514412879944,0.5625,128
imbalance,0.99,3,em_ridge_K2,2.0542178504908315,-0.7924514412879944,0.5625,128
imbalance,0.99,4,transformer,0.6861367780529397,-0.4271995425224304,0.5859375,128
imbalance,0.99,4,known_pool_uniform,0.036406417892845974,-0.4271995425224304,0.5859375,128
imbalance,0.99,4,assignment_oracle,0.03402110622582678,-0.4271995425224304,0.5859375,128
imbalance,0.99,4,ridge_current,0.34722544704445885,-0.4271995425224304,0.5859375,128
imbalance,0.99,4,ridge_history,2.903758311218211,-0.4271995425224304,0.5859375,128
imbalance,0.99,4,em_ridge_K2,1.5962248795599465,-0.4271995425224304,0.5859375,128
imbalance,0.99,5,transformer,1.4051984447643058,-0.5764790177345276,0.53125,128
imbalance,0.99,5,known_pool_uniform,0.08026412535799132,-0.5764790177345276,0.53125,128
imbalance,0.99,5,assignment_oracle,0.05033710202710848,-0.5764790177345276,0.53125,128
imbalance,0.99,5,ridge_current,0.47074740565221773,-0.5764790177345276,0.53125,128
imbalance,0.99,5,ridge_history,3.3172738058825573,-0.5764790177345276,0.53125,128
imbalance,0.99,5,em_ridge_K2,2.0736310866662198,-0.5764790177345276,0.53125,128
imbalance,0.99,6,transformer,0.7114837078466454,-0.014601051807403564,0.6875,128
imbalance,0.99,6,known_pool_uniform,0.049056739915746925,-0.014601051807403564,0.6875,128
imbalance,0.99,6,assignment_oracle,0.03478708751142094,-0.014601051807403564,0.6875,128
imbalance,0.99,6,ridge_current,0.3694927584827268,-0.014601051807403564,0.6875,128
imbalance,0.99,6,ridge_history,2.078159100093939,-0.014601051807403564,0.6875,128
imbalance,0.99,6,em_ridge_K2,1.341852016218621,-0.014601051807403564,0.6875,128
imbalance,0.99,7,transformer,1.0045957162570767,-0.8633620738983154,0.4453125,128
imbalance,0.99,7,known_pool_uniform,0.05910213601637717,-0.8633620738983154,0.4453125,128
imbalance,0.99,7,assignment_oracle,0.04318499664644471,-0.8633620738983154,0.4453125,128
imbalance,0.99,7,ridge_current,0.3665849217506186,-0.8633620738983154,0.4453125,128
imbalance,0.99,7,ridge_history,3.617306071705535,-0.8633620738983154,0.4453125,128
imbalance,0.99,7,em_ridge_K2,2.438060885957726,-0.8633620738983154,0.4453125,128
imbalance,0.99,8,transformer,0.8984532784111061,-0.1963925063610077,0.4609375,128
imbalance,0.99,8,known_pool_uniform,0.03545488284463065,-0.1963925063610077,0.4609375,128
imbalance,0.99,8,assignment_oracle,0.03544206122035676,-0.1963925063610077,0.4609375,128
imbalance,0.99,8,ridge_current,0.4340653222245368,-0.1963925063610077,0.4609375,128
imbalance,0.99,8,ridge_history,2.1991922366480505,-0.1963925063610077,0.4609375,128
imbalance,0.99,8,em_ridge_K2,1.3957104723314397,-0.1963925063610077,0.4609375,128
imbalance,0.99,9,transformer,0.7511044329860672,0.3574264645576477,0.484375,128
imbalance,0.99,9,known_pool_uniform,0.035491594433669074,0.3574264645576477,0.484375,128
imbalance,0.99,9,assignment_oracle,0.03177380761523138,0.3574264645576477,0.484375,128
imbalance,0.99,9,ridge_current,0.2765740938761068,0.3574264645576477,0.484375,128
imbalance,0.99,9,ridge_history,1.4783490004187776,0.3574264645576477,0.484375,128
imbalance,0.99,9,em_ridge_K2,1.135366584819152,0.3574264645576477,0.484375,128
component_count,1,0,transformer,0.043083577554989885,1.0,,128
component_count,1,0,known_pool_uniform,0.039960466069860465,1.0,,128
component_count,1,0,assignment_oracle,0.039960466069860465,1.0,,128
component_count,1,0,ridge_current,0.42652863202652536,1.0,,128
component_count,1,0,ridge_history,0.043303566062535985,1.0,,128
component_count,1,0,em_ridge_K1,0.04303231266217513,1.0,,128
component_count,1,0,em_ridge_K2,0.04230360513688143,1.0,,128
component_count,1,0,em_ridge_K3,0.042508169987998466,1.0,,128
component_count,1,0,em_ridge_K4,0.04278159566721426,1.0,,128
component_count,1,1,transformer,0.04853886778738991,1.0,,128
component_count,1,1,known_pool_uniform,0.041295472379914655,1.0,,128
component_count,1,1,assignment_oracle,0.041295472379914655,1.0,,128
component_count,1,1,ridge_current,0.5557945174361216,1.0,,128
component_count,1,1,ridge_history,0.04298843334944927,1.0,,128
component_count,1,1,em_ridge_K1,0.04266578298658192,1.0,,128
component_count,1,1,em_ridge_K2,0.043405843512477976,1.0,,128
component_count,1,1,em_ridge_K3,0.04373793291975771,1.0,,128
component_count,1,1,em_ridge_K4,0.04482504264371319,1.0,,128
component_count,1,2,transformer,0.04335346324839516,1.0,,128
component_count,1,2,known_pool_uniform,0.040903213050717716,1.0,,128
component_count,1,2,assignment_oracle,0.040903213050717716,1.0,,128
component_count,1,2,ridge_current,0.4379514237739702,1.0,,128
component_count,1,2,ridge_history,0.04199457910681895,1.0,,128
component_count,1,2,em_ridge_K1,0.0421992053657631,1.0,,128
component_count,1,2,em_ridge_K2,0.04261942663957647,1.0,,128
component_count,1,2,em_ridge_K3,0.04300627461332291,1.0,,128
component_count,1,2,em_ridge_K4,0.04338381762272327,1.0,,128
component_count,1,3,transformer,0.04509275127574302,1.0,,128
component_count,1,3,known_pool_uniform,0.033163485589082387,1.0,,128
component_count,1,3,assignment_oracle,0.033163485589082387,1.0,,128
component_count,1,3,ridge_current,0.4855294659749976,1.0,,128
component_count,1,3,ridge_history,0.035791807437798084,1.0,,128
component_count,1,3,em_ridge_K1,0.03546450043062558,1.0,,128
component_count,1,3,em_ridge_K2,0.03603585457521112,1.0,,128
component_count,1,3,em_ridge_K3,0.037895392473893036,1.0,,128
component_count,1,3,em_ridge_K4,0.03700132277044611,1.0,,128
component_count,1,4,transformer,0.03742473676061394,1.0,,128
component_count,1,4,known_pool_uniform,0.03504846124705561,1.0,,128
component_count,1,4,assignment_oracle,0.03504846124705561,1.0,,128
component_count,1,4,ridge_current,0.3529250374665854,1.0,,128
component_count,1,4,ridge_history,0.03586046722190767,1.0,,128
component_count,1,4,em_ridge_K1,0.03587883775532081,1.0,,128
component_count,1,4,em_ridge_K2,0.03481914871908783,1.0,,128
component_count,1,4,em_ridge_K3,0.034350233437987376,1.0,,128
component_count,1,4,em_ridge_K4,0.03422452904360296,1.0,,128
component_count,1,5,transformer,0.05047941970816341,1.0,,128
component_count,1,5,known_pool_uniform,0.045076893810662336,1.0,,128
component_count,1,5,assignment_oracle,0.045076893810662336,1.0,,128
component_count,1,5,ridge_current,0.3907794305920801,1.0,,128
component_count,1,5,ridge_history,0.04692062146210289,1.0,,128
component_count,1,5,em_ridge_K1,0.04693821956322053,1.0,,128
component_count,1,5,em_ridge_K2,0.046340850057566635,1.0,,128
component_count,1,5,em_ridge_K3,0.04514118203216018,1.0,,128
component_count,1,5,em_ridge_K4,0.046217890524701793,1.0,,128
component_count,1,6,transformer,0.05440000051354753,1.0,,128
component_count,1,6,known_pool_uniform,0.0490106812745411,1.0,,128
component_count,1,6,assignment_oracle,0.0490106812745411,1.0,,128
component_count,1,6,ridge_current,0.34006610139075,1.0,,128
component_count,1,6,ridge_history,0.050102309948085975,1.0,,128
component_count,1,6,em_ridge_K1,0.04996423802340695,1.0,,128
component_count,1,6,em_ridge_K2,0.05089877319888253,1.0,,128
component_count,1,6,em_ridge_K3,0.05471568918875059,1.0,,128
component_count,1,6,em_ridge_K4,0.05072097035402756,1.0,,128
component_count,1,7,transformer,0.05136023432620267,1.0,,128
component_count,1,7,known_pool_uniform,0.0405211086013056,1.0,,128
component_count,1,7,assignment_oracle,0.0405211086013056,1.0,,128
component_count,1,7,ridge_current,0.37739777310961375,1.0,,128
component_count,1,7,ridge_history,0.0428817417849882,1.0,,128
component_count,1,7,em_ridge_K1,0.04279352455764356,1.0,,128
component_count,1,7,em_ridge_K2,0.04376770185618129,1.0,,128
component_count,1,7,em_ridge_K3,0.043584843700466565,1.0,,128
component_count,1,7,em_ridge_K4,0.04356572571571335,1.0,,128
component_count,1,8,transformer,0.03975647927661437,1.0,,128
component_count,1,8,known_pool_uniform,0.0347340827713372,1.0,,128
component_count,1,8,assignment_oracle,0.0347340827713372,1.0,,128
component_count,1,8,ridge_current,0.36458984601375244,1.0,,128
component_count,1,8,ridge_history,0.03590512217845024,1.0,,128
component_count,1,8,em_ridge_K1,0.03604694691070719,1.0,,128
component_count,1,8,em_ridge_K2,0.03534115123956055,1.0,,128
component_count,1,8,em_ridge_K3,0.035593594762252406,1.0,,128
component_count,1,8,em_ridge_K4,0.03524603408095056,1.0,,128
component_count,1,9,transformer,0.04879935566326502,1.0,,128
component_count,1,9,known_pool_uniform,0.04567693580854024,1.0,,128
component_count,1,9,assignment_oracle,0.04567693580854024,1.0,,128
component_count,1,9,ridge_current,0.40970417919219015,1.0,,128
component_count,1,9,ridge_history,0.046470310177171084,1.0,,128
component_count,1,9,em_ridge_K1,0.046622376741683014,1.0,,128
component_count,1,9,em_ridge_K2,0.04704762483333848,1.0,,128
component_count,1,9,em_ridge_K3,0.04804103681098626,1.0,,128
component_count,1,9,em_ridge_K4,0.04704530497519968,1.0,,128
component_count,2,0,transformer,0.04618144706386956,-0.9152649641036987,,128
component_count,2,0,known_pool_uniform,0.039973957493481385,-0.9152649641036987,,128
component_count,2,0,assignment_oracle,0.03996046784563531,-0.9152649641036987,,128
component_count,2,0,ridge_current,0.4084478819068821,-0.9152649641036987,,128
component_count,2,0,ridge_history,0.9598453967782614,-0.9152649641036987,,128
component_count,2,0,em_ridge_K1,0.9603997151223507,-0.9152649641036987,,128
component_count,2,0,em_ridge_K2,0.0458680292047758,-0.9152649641036987,,128
component_count,2,0,em_ridge_K3,0.04672842393048689,-0.9152649641036987,,128
component_count,2,0,em_ridge_K4,0.0487173719097142,-0.9152649641036987,,128
component_count,2,1,transformer,0.12981806737017418,-0.9082409739494324,,128
component_count,2,1,known_pool_uniform,0.041688542454362515,-0.9082409739494324,,128
component_count,2,1,assignment_oracle,0.04129547415443856,-0.9082409739494324,,128
component_count,2,1,ridge_current,0.5317683756968522,-0.9082409739494324,,128
component_count,2,1,ridge_history,1.0431839787566513,-0.9082409739494324,,128
component_count,2,1,em_ridge_K1,1.0444065257298782,-0.9082409739494324,,128
component_count,2,1,em_ridge_K2,0.0460196092627128,-0.9082409739494324,,128
component_count,2,1,em_ridge_K3,0.04895083818088451,-0.9082409739494324,,128
component_count,2,1,em_ridge_K4,0.05016424628860898,-0.9082409739494324,,128
component_count,2,2,transformer,0.04508924581600151,-0.39824119210243225,,128
component_count,2,2,known_pool_uniform,0.04085940193233009,-0.39824119210243225,,128
component_count,2,2,assignment_oracle,0.04090321329334255,-0.39824119210243225,,128
component_count,2,2,ridge_current,0.5086018981345422,-0.39824119210243225,,128
component_count,2,2,ridge_history,0.5762689047814018,-0.39824119210243225,,128
component_count,2,2,em_ridge_K1,0.5763640267343028,-0.39824119210243225,,128
component_count,2,2,em_ridge_K2,0.04309346880176314,-0.39824119210243225,,128
component_count,2,2,em_ridge_K3,0.04245686156786178,-0.39824119210243225,,128
component_count,2,2,em_ridge_K4,0.04302366102471848,-0.39824119210243225,,128
component_count,2,3,transformer,0.06732329950461458,-0.5475664734840393,,128
component_count,2,3,known_pool_uniform,0.0413761412432372,-0.5475664734840393,,128
component_count,2,3,assignment_oracle,0.033163484803144974,-0.5475664734840393,,128
component_count,2,3,ridge_current,0.4922962566952,-0.5475664734840393,,128
component_count,2,3,ridge_history,1.0390522590149822,-0.5475664734840393,,128
component_count,2,3,em_ridge_K1,1.0385431431363052,-0.5475664734840393,,128
component_count,2,3,em_ridge_K2,0.04552727670329001,-0.5475664734840393,,128
component_count,2,3,em_ridge_K3,0.04703063659900075,-0.5475664734840393,,128
component_count,2,3,em_ridge_K4,0.04435525697243523,-0.5475664734840393,,128
component_count,2,4,transformer,0.05480406354584455,0.33769577741622925,,128
component_count,2,4,known_pool_uniform,0.0434531615323141,0.33769577741622925,,128
component_count,2,4,assignment_oracle,0.03504846066193463,0.33769577741622925,,128
component_count,2,4,ridge_current,0.36770219862509607,0.33769577741622925,,128
component_count,2,4,ridge_history,0.4091987420324087,0.33769577741622925,,128
component_count,2,4,em_ridge_K1,0.4090986849714443,0.33769577741622925,,128
component_count,2,4,em_ridge_K2,0.044886255181441986,0.33769577741622925,,128
component_count,2,4,em_ridge_K3,0.04540074089037577,0.33769577741622925,,128
component_count,2,4,em_ridge_K4,0.04534957084152178,0.33769577741622925,,128
component_count,2,5,transformer,0.077916856232689,0.6951578855514526,,128
component_count,2,5,known_pool_uniform,0.06381520465705973,0.6951578855514526,,128
component_count,2,5,assignment_oracle,0.0450768908096805,0.6951578855514526,,128
component_count,2,5,ridge_current,0.4091149999928212,0.6951578855514526,,128
component_count,2,5,ridge_history,0.19888017195147847,0.6951578855514526,,128
component_count,2,5,em_ridge_K1,0.19898794264289976,0.6951578855514526,,128
component_count,2,5,em_ridge_K2,0.05744580730112904,0.6951578855514526,,128
component_count,2,5,em_ridge_K3,0.06210435915790598,0.6951578855514526,,128
component_count,2,5,em_ridge_K4,0.06285221885274271,0.6951578855514526,,128
component_count,2,6,transformer,0.06555410801612724,-0.09828558564186096,,128
component_count,2,6,known_pool_uniform,0.06708641026816593,-0.09828558564186096,,128
component_count,2,6,assignment_oracle,0.04901068299211425,-0.09828558564186096,,128
component_count,2,6,ridge_current,0.3090612182152599,-0.09828558564186096,,128
component_count,2,6,ridge_history,0.5179938143141667,-0.09828558564186096,,128
component_count,2,6,em_ridge_K1,0.5185513423594321,-0.09828558564186096,,128
component_count,2,6,em_ridge_K2,0.05874313945419088,-0.09828558564186096,,128
component_count,2,6,em_ridge_K3,0.0590196761238098,-0.09828558564186096,,128
component_count,2,6,em_ridge_K4,0.061353780353483156,-0.09828558564186096,,128
component_count,2,7,transformer,0.0634156938300979,-0.588066816329956,,128
component_count,2,7,known_pool_uniform,0.05599758541331269,-0.588066816329956,,128
component_count,2,7,assignment_oracle,0.04052110758207372,-0.588066816329956,,128
component_count,2,7,ridge_current,0.33381723046583656,-0.588066816329956,,128
component_count,2,7,ridge_history,0.8155970602745399,-0.588066816329956,,128
component_count,2,7,em_ridge_K1,0.8159251003781509,-0.588066816329956,,128
component_count,2,7,em_ridge_K2,0.059006011445990936,-0.588066816329956,,128
component_count,2,7,em_ridge_K3,0.062027621352051546,-0.588066816329956,,128
component_count,2,7,em_ridge_K4,0.05508308542216593,-0.588066816329956,,128
component_count,2,8,transformer,0.04981976228000221,0.1917407363653183,,128
component_count,2,8,known_pool_uniform,0.038150883419359474,0.1917407363653183,,128
component_count,2,8,assignment_oracle,0.03473408293164684,0.1917407363653183,,128
component_count,2,8,ridge_current,0.3249656658003801,0.1917407363653183,,128
component_count,2,8,ridge_history,0.4632967837590183,0.1917407363653183,,128
component_count,2,8,em_ridge_K1,0.4620319069562178,0.1917407363653183,,128
component_count,2,8,em_ridge_K2,0.041257116089766246,0.1917407363653183,,128
component_count,2,8,em_ridge_K3,0.043312064846371456,0.1917407363653183,,128
component_count,2,8,em_ridge_K4,0.041662249523796456,0.1917407363653183,,128
component_count,2,9,transformer,0.0531672200169761,-0.52167809009552,,128
component_count,2,9,known_pool_uniform,0.0456761431252469,-0.52167809009552,,128
component_count,2,9,assignment_oracle,0.0456769337944846,-0.52167809009552,,128
component_count,2,9,ridge_current,0.32000469866858616,-0.52167809009552,,128
component_count,2,9,ridge_history,0.816018917365111,-0.52167809009552,,128
component_count,2,9,em_ridge_K1,0.8157703104326237,-0.52167809009552,,128
component_count,2,9,em_ridge_K2,0.05043665730769904,-0.52167809009552,,128
component_count,2,9,em_ridge_K3,0.04954769913470157,-0.52167809009552,,128
component_count,2,9,em_ridge_K4,0.05287840510080531,-0.52167809009552,,128
component_count,3,0,transformer,0.1700711950871287,-0.9152649641036987,,128
component_count,3,0,known_pool_uniform,0.04298839491704171,-0.9152649641036987,,128
component_count,3,0,assignment_oracle,0.03996046649913982,-0.9152649641036987,,128
component_count,3,0,ridge_current,0.4022991548172913,-0.9152649641036987,,128
component_count,3,0,ridge_history,1.0748864841493548,-0.9152649641036987,,128
component_count,3,0,em_ridge_K1,1.0757105277528973,-0.9152649641036987,,128
component_count,3,0,em_ridge_K2,0.3640183914601136,-0.9152649641036987,,128
component_count,3,0,em_ridge_K3,0.05176884827204394,-0.9152649641036987,,128
component_count,3,0,em_ridge_K4,0.052429340524876834,-0.9152649641036987,,128
component_count,3,1,transformer,0.09030672847717522,-0.9082409739494324,,128
component_count,3,1,known_pool_uniform,0.04813563018196944,-0.9082409739494324,,128
component_count,3,1,assignment_oracle,0.04129547697928933,-0.9082409739494324,,128
component_count,3,1,ridge_current,0.5478244918545689,-0.9082409739494324,,128
component_count,3,1,ridge_history,1.263380871713886,-0.9082409739494324,,128
component_count,3,1,em_ridge_K1,1.265417290681744,-0.9082409739494324,,128
component_count,3,1,em_ridge_K2,0.08751830226958557,-0.9082409739494324,,128
component_count,3,1,em_ridge_K3,0.05607436077423512,-0.9082409739494324,,128
component_count,3,1,em_ridge_K4,0.05757046838312915,-0.9082409739494324,,128
component_count,3,2,transformer,0.1601020191606461,-0.39824119210243225,,128
component_count,3,2,known_pool_uniform,0.04672637682978481,-0.39824119210243225,,128
component_count,3,2,assignment_oracle,0.040903210559569365,-0.39824119210243225,,128
component_count,3,2,ridge_current,0.31029550981575094,-0.39824119210243225,,128
component_count,3,2,ridge_history,0.8002064691127277,-0.39824119210243225,,128
component_count,3,2,em_ridge_K1,0.8012960562942046,-0.39824119210243225,,128
component_count,3,2,em_ridge_K2,0.3279684514927964,-0.39824119210243225,,128
component_count,3,2,em_ridge_K3,0.045112752197926646,-0.39824119210243225,,128
component_count,3,2,em_ridge_K4,0.051387577806798694,-0.39824119210243225,,128
component_count,3,3,transformer,0.2153340062014899,-0.5475664734840393,,128
component_count,3,3,known_pool_uniform,0.0521505295531701,-0.5475664734840393,,128
component_count,3,3,assignment_oracle,0.033163485074172175,-0.5475664734840393,,128
component_count,3,3,ridge_current,0.506506700091268,-0.5475664734840393,,128
component_count,3,3,ridge_history,1.0642166658553924,-0.5475664734840393,,128
component_count,3,3,em_ridge_K1,1.0643752259798527,-0.5475664734840393,,128
component_count,3,3,em_ridge_K2,0.638701845472656,-0.5475664734840393,,128
component_count,3,3,em_ridge_K3,0.05391266154287851,-0.5475664734840393,,128
component_count,3,3,em_ridge_K4,0.05517370866474311,-0.5475664734840393,,128
component_count,3,4,transformer,0.17706841811707788,0.33769577741622925,,128
component_count,3,4,known_pool_uniform,0.0558201082369395,0.33769577741622925,,128
component_count,3,4,assignment_oracle,0.035048461325718414,0.33769577741622925,,128
component_count,3,4,ridge_current,0.4037152885988364,0.33769577741622925,,128
component_count,3,4,ridge_history,0.6512974292375042,0.33769577741622925,,128
component_count,3,4,em_ridge_K1,0.6520583126060577,0.33769577741622925,,128
component_count,3,4,em_ridge_K2,0.4089583781023409,0.33769577741622925,,128
component_count,3,4,em_ridge_K3,0.06036818324777648,0.33769577741622925,,128
component_count,3,4,em_ridge_K4,0.06504932407528893,0.33769577741622925,,128
component_count,3,5,transformer,0.19364612639925866,0.6951578855514526,,128
component_count,3,5,known_pool_uniform,0.09073690207929319,0.6951578855514526,,128
component_count,3,5,assignment_oracle,0.04507689450557277,0.6951578855514526,,128
component_count,3,5,ridge_current,0.46397545342902224,0.6951578855514526,,128
component_count,3,5,ridge_history,0.6102725234848612,0.6951578855514526,,128
component_count,3,5,em_ridge_K1,0.6107296578599506,0.6951578855514526,,128
component_count,3,5,em_ridge_K2,0.21849015729150506,0.6951578855514526,,128
component_count,3,5,em_ridge_K3,0.09204266229253664,0.6951578855514526,,128
component_count,3,5,em_ridge_K4,0.08801061851296685,0.6951578855514526,,128
component_count,3,6,transformer,0.15544811948674608,-0.09828558564186096,,128
component_count,3,6,known_pool_uniform,0.0850255434078509,-0.09828558564186096,,128
component_count,3,6,assignment_oracle,0.04901067773176628,-0.09828558564186096,,128
component_count,3,6,ridge_current,0.3921779277716162,-0.09828558564186096,,128
component_count,3,6,ridge_history,0.5426955045621618,-0.09828558564186096,,128
component_count,3,6,em_ridge_K1,0.5432283348932383,-0.09828558564186096,,128
component_count,3,6,em_ridge_K2,0.1477291389550541,-0.09828558564186096,,128
component_count,3,6,em_ridge_K3,0.07120405867393144,-0.09828558564186096,,128
component_count,3,6,em_ridge_K4,0.06870099025023545,-0.09828558564186096,,128
component_count,3,7,transformer,0.11465027910387478,-0.588066816329956,,128
component_count,3,7,known_pool_uniform,0.045213378048264516,-0.588066816329956,,128
component_count,3,7,assignment_oracle,0.04052110623220636,-0.588066816329956,,128
component_count,3,7,ridge_current,0.32723436558762187,-0.588066816329956,,128
component_count,3,7,ridge_history,0.8229076737382628,-0.588066816329956,,128
component_count,3,7,em_ridge_K1,0.8234182695080949,-0.588066816329956,,128
component_count,3,7,em_ridge_K2,0.1453333036719201,-0.588066816329956,,128
component_count,3,7,em_ridge_K3,0.04677099675169942,-0.588066816329956,,128
component_count,3,7,em_ridge_K4,0.04774513164373243,-0.588066816329956,,128
component_count,3,8,transformer,0.1442547405134631,0.1917407363653183,,128
component_count,3,8,known_pool_uniform,0.05327012029094588,0.1917407363653183,,128
component_count,3,8,assignment_oracle,0.034734080820564284,0.1917407363653183,,128
component_count,3,8,ridge_current,0.37719378384051205,0.1917407363653183,,128
component_count,3,8,ridge_history,0.4892662456338247,0.1917407363653183,,128
component_count,3,8,em_ridge_K1,0.4898888876520793,0.1917407363653183,,128
component_count,3,8,em_ridge_K2,0.1950190480334561,0.1917407363653183,,128
component_count,3,8,em_ridge_K3,0.06073049902866696,0.1917407363653183,,128
component_count,3,8,em_ridge_K4,0.059890073672276146,0.1917407363653183,,128
component_count,3,9,transformer,0.08958889972286979,-0.52167809009552,,128
component_count,3,9,known_pool_uniform,0.04726338663845989,-0.52167809009552,,128
component_count,3,9,assignment_oracle,0.045676934364192484,-0.52167809009552,,128
component_count,3,9,ridge_current,0.3143332315778546,-0.52167809009552,,128
component_count,3,9,ridge_history,0.7994345382180872,-0.52167809009552,,128
component_count,3,9,em_ridge_K1,0.8013566465969583,-0.52167809009552,,128
component_count,3,9,em_ridge_K2,0.06757489244804793,-0.52167809009552,,128
component_count,3,9,em_ridge_K3,0.052727337939728995,-0.52167809009552,,128
component_count,3,9,em_ridge_K4,0.05300005951580182,-0.52167809009552,,128
component_count,4,0,transformer,0.31581333741059703,0.7848140001296997,,128
component_count,4,0,known_pool_uniform,0.061582916856869695,0.7848140001296997,,128
component_count,4,0,assignment_oracle,0.03996046716544317,0.7848140001296997,,128
component_count,4,0,ridge_current,0.5410971008902378,0.7848140001296997,,128
component_count,4,0,ridge_history,0.7193426967625619,0.7848140001296997,,128
component_count,4,0,em_ridge_K1,0.719990908083292,0.7848140001296997,,128
component_count,4,0,em_ridge_K2,0.4808552771346408,0.7848140001296997,,128
component_count,4,0,em_ridge_K3,0.27539549395975527,0.7848140001296997,,128
component_count,4,0,em_ridge_K4,0.07122747746376626,0.7848140001296997,,128
component_count,4,1,transformer,0.2906489972748727,0.8459320068359375,,128
component_count,4,1,known_pool_uniform,0.06175379462208147,0.8459320068359375,,128
component_count,4,1,assignment_oracle,0.04129547753597699,0.8459320068359375,,128
component_count,4,1,ridge_current,0.40237518539748185,0.8459320068359375,,128
component_count,4,1,ridge_history,0.8338575169227145,0.8459320068359375,,128
component_count,4,1,em_ridge_K1,0.8333353447445743,0.8459320068359375,,128
component_count,4,1,em_ridge_K2,0.672640334026907,0.8459320068359375,,128
component_count,4,1,em_ridge_K3,0.14004365393237847,0.8459320068359375,,128
component_count,4,1,em_ridge_K4,0.06990085355065857,0.8459320068359375,,128
component_count,4,2,transformer,0.30009117325645046,0.11078883707523346,,128
component_count,4,2,known_pool_uniform,0.07339062845544955,0.11078883707523346,,128
component_count,4,2,assignment_oracle,0.04090321226202098,0.11078883707523346,,128
component_count,4,2,ridge_current,0.37780811727468666,0.11078883707523346,,128
component_count,4,2,ridge_history,0.86984789735521,0.11078883707523346,,128
component_count,4,2,em_ridge_K1,0.8705808535267285,0.11078883707523346,,128
component_count,4,2,em_ridge_K2,0.5299438503365037,0.11078883707523346,,128
component_count,4,2,em_ridge_K3,0.283138065014469,0.11078883707523346,,128
component_count,4,2,em_ridge_K4,0.0670480558184205,0.11078883707523346,,128
component_count,4,3,transformer,0.30229836014483547,0.646577000617981,,128
component_count,4,3,known_pool_uniform,0.05314049495623363,0.646577000617981,,128
component_count,4,3,assignment_oracle,0.033163489108428944,0.646577000617981,,128
component_count,4,3,ridge_current,0.435518388371568,0.646577000617981,,128
component_count,4,3,ridge_history,0.9568855208889495,0.646577000617981,,128
component_count,4,3,em_ridge_K1,0.9569249200885157,0.646577000617981,,128
component_count,4,3,em_ridge_K2,0.4553648247505012,0.646577000617981,,128
component_count,4,3,em_ridge_K3,0.17884041998909034,0.646577000617981,,128
component_count,4,3,em_ridge_K4,0.06286463895760121,0.646577000617981,,128
component_count,4,4,transformer,0.28699132484668377,0.49787309765815735,,128
component_count,4,4,known_pool_uniform,0.04628921631740816,0.49787309765815735,,128
component_count,4,4,assignment_oracle,0.035048462314193306,0.49787309765815735,,128
component_count,4,4,ridge_current,0.3972495575564599,0.49787309765815735,,128
component_count,4,4,ridge_history,0.8373266407006603,0.49787309765815735,,128
component_count,4,4,em_ridge_K1,0.8384709190632549,0.49787309765815735,,128
component_count,4,4,em_ridge_K2,0.3358704313345924,0.49787309765815735,,128
component_count,4,4,em_ridge_K3,0.08227660529216646,0.49787309765815735,,128
component_count,4,4,em_ridge_K4,0.06020496107440142,0.49787309765815735,,128
component_count,4,5,transformer,0.3424446870294258,0.597403883934021,,128
component_count,4,5,known_pool_uniform,0.0514307575942735,0.597403883934021,,128
component_count,4,5,assignment_oracle,0.04507688959789733,0.597403883934021,,128
component_count,4,5,ridge_current,0.40846765217505315,0.597403883934021,,128
component_count,4,5,ridge_history,1.0091281504906648,0.597403883934021,,128
component_count,4,5,em_ridge_K1,1.0097490857087328,0.597403883934021,,128
component_count,4,5,em_ridge_K2,0.6914345380092793,0.597403883934021,,128
component_count,4,5,em_ridge_K3,0.3162748354111815,0.597403883934021,,128
component_count,4,5,em_ridge_K4,0.06648467259511587,0.597403883934021,,128
component_count,4,6,transformer,0.33058389054845266,0.06605590134859085,,128
component_count,4,6,known_pool_uniform,0.07175301140196734,0.06605590134859085,,128
component_count,4,6,assignment_oracle,0.0490106848167876,0.06605590134859085,,128
component_count,4,6,ridge_current,0.41455357897468603,0.06605590134859085,,128
component_count,4,6,ridge_history,0.8999368892638687,0.06605590134859085,,128
component_count,4,6,em_ridge_K1,0.8995644456106271,0.06605590134859085,,128
component_count,4,6,em_ridge_K2,0.7084417142775723,0.06605590134859085,,128
component_count,4,6,em_ridge_K3,0.1788989323281322,0.06605590134859085,,128
component_count,4,6,em_ridge_K4,0.07890623906797131,0.06605590134859085,,128
component_count,4,7,transformer,0.22442183248285982,-0.3658970892429352,,128
component_count,4,7,known_pool_uniform,0.038063769326474366,-0.3658970892429352,,128
component_count,4,7,assignment_oracle,0.04052110731686766,-0.3658970892429352,,128
component_count,4,7,ridge_current,0.4059765631196389,-0.3658970892429352,,128
component_count,4,7,ridge_history,0.6448228189556298,-0.3658970892429352,,128
component_count,4,7,em_ridge_K1,0.6447411787989736,-0.3658970892429352,,128
component_count,4,7,em_ridge_K2,0.42681401400530966,-0.3658970892429352,,128
component_count,4,7,em_ridge_K3,0.2249724145478512,-0.3658970892429352,,128
component_count,4,7,em_ridge_K4,0.06897839101391269,-0.3658970892429352,,128
component_count,4,8,transformer,0.29567150172489054,0.11763007193803787,,128
component_count,4,8,known_pool_uniform,0.03563018467754714,0.11763007193803787,,128
component_count,4,8,assignment_oracle,0.034734080923114745,0.11763007193803787,,128
component_count,4,8,ridge_current,0.32384827062807275,0.11763007193803787,,128
component_count,4,8,ridge_history,1.019284896321624,0.11763007193803787,,128
component_count,4,8,em_ridge_K1,1.0199786941420275,0.11763007193803787,,128
component_count,4,8,em_ridge_K2,0.5254013931287225,0.11763007193803787,,128
component_count,4,8,em_ridge_K3,0.4339503070529785,0.11763007193803787,,128
component_count,4,8,em_ridge_K4,0.04378392126152337,0.11763007193803787,,128
component_count,4,9,transformer,0.5175640836039554,-0.06578607857227325,,128
component_count,4,9,known_pool_uniform,0.05164077646472039,-0.06578607857227325,,128
component_count,4,9,assignment_oracle,0.04567693494670356,-0.06578607857227325,,128
component_count,4,9,ridge_current,0.4167759603319736,-0.06578607857227325,,128
component_count,4,9,ridge_history,1.0839548604023914,-0.06578607857227325,,128
component_count,4,9,em_ridge_K1,1.0849749471363461,-0.06578607857227325,,128
component_count,4,9,em_ridge_K2,1.0702739792768439,-0.06578607857227325,,128
component_count,4,9,em_ridge_K3,0.9262629151995337,-0.06578607857227325,,128
component_count,4,9,em_ridge_K4,0.05689710510342143,-0.06578607857227325,,128
hierarchy,0.05,0,transformer,0.0556090699623078,0.9765353798866272,,128
hierarchy,0.05,0,known_pool_uniform,0.04709979990954408,0.9765353798866272,,128
hierarchy,0.05,0,assignment_oracle,0.04477659384591655,0.9765353798866272,,128
hierarchy,0.05,0,ridge_current,0.45659283312079,0.9765353798866272,,128
hierarchy,0.05,0,ridge_history,0.05183836919806992,0.9765353798866272,,128
hierarchy,0.05,0,em_ridge_K3,0.05518747609532286,0.9765353798866272,,128
hierarchy,0.05,1,transformer,0.05701354064988033,0.9976540803909302,,128
hierarchy,0.05,1,known_pool_uniform,0.04968112974962775,0.9976540803909302,,128
hierarchy,0.05,1,assignment_oracle,0.04665239477640346,0.9976540803909302,,128
hierarchy,0.05,1,ridge_current,0.4443554899035161,0.9976540803909302,,128
hierarchy,0.05,1,ridge_history,0.0495060368889749,0.9976540803909302,,128
hierarchy,0.05,1,em_ridge_K3,0.05073828015029803,0.9976540803909302,,128
hierarchy,0.05,2,transformer,0.06138587011929945,0.9864230751991272,,128
hierarchy,0.05,2,known_pool_uniform,0.05505295590948848,0.9864230751991272,,128
hierarchy,0.05,2,assignment_oracle,0.048637980774782756,0.9864230751991272,,128
hierarchy,0.05,2,ridge_current,0.3386856883535132,0.9864230751991272,,128
hierarchy,0.05,2,ridge_history,0.05490803661930099,0.9864230751991272,,128
hierarchy,0.05,2,em_ridge_K3,0.06332630799482768,0.9864230751991272,,128
hierarchy,0.05,3,transformer,0.04025158513125625,0.9983429312705994,,128
hierarchy,0.05,3,known_pool_uniform,0.03541384227100347,0.9983429312705994,,128
hierarchy,0.05,3,assignment_oracle,0.03277642808428505,0.9983429312705994,,128
hierarchy,0.05,3,ridge_current,0.4047240910507678,0.9983429312705994,,128
hierarchy,0.05,3,ridge_history,0.036300486744306505,0.9983429312705994,,128
hierarchy,0.05,3,em_ridge_K3,0.03648393089024476,0.9983429312705994,,128
hierarchy,0.05,4,transformer,0.04405572580787514,0.9971919655799866,,128
hierarchy,0.05,4,known_pool_uniform,0.042064349490586184,0.9971919655799866,,128
hierarchy,0.05,4,assignment_oracle,0.04102809213147606,0.9971919655799866,,128
hierarchy,0.05,4,ridge_current,0.410318198247561,0.9971919655799866,,128
hierarchy,0.05,4,ridge_history,0.04081719017568784,0.9971919655799866,,128
hierarchy,0.05,4,em_ridge_K3,0.04366475506778904,0.9971919655799866,,128
hierarchy,0.05,5,transformer,0.042632502222143744,0.9930626749992371,,128
hierarchy,0.05,5,known_pool_uniform,0.0411623621822349,0.9930626749992371,,128
hierarchy,0.05,5,assignment_oracle,0.0349507210285776,0.9930626749992371,,128
hierarchy,0.05,5,ridge_current,0.39029086993438467,0.9930626749992371,,128
hierarchy,0.05,5,ridge_history,0.04131223683263095,0.9930626749992371,,128
hierarchy,0.05,5,em_ridge_K3,0.04539822400669176,0.9930626749992371,,128
hierarchy,0.05,6,transformer,0.04918744292825533,0.998869776725769,,128
hierarchy,0.05,6,known_pool_uniform,0.045844726653240984,0.998869776725769,,128
hierarchy,0.05,6,assignment_oracle,0.04131322971054446,0.998869776725769,,128
hierarchy,0.05,6,ridge_current,0.35058468321885394,0.998869776725769,,128
hierarchy,0.05,6,ridge_history,0.04794883730954617,0.998869776725769,,128
hierarchy,0.05,6,em_ridge_K3,0.04799911023373332,0.998869776725769,,128
hierarchy,0.05,7,transformer,0.050738177508976426,0.9918110370635986,,128
hierarchy,0.05,7,known_pool_uniform,0.04419318336202871,0.9918110370635986,,128
hierarchy,0.05,7,assignment_oracle,0.04127558326509255,0.9918110370635986,,128
hierarchy,0.05,7,ridge_current,0.38613789914447405,0.9918110370635986,,128
hierarchy,0.05,7,ridge_history,0.046286378126541156,0.9918110370635986,,128
hierarchy,0.05,7,em_ridge_K3,0.05047206331546051,0.9918110370635986,,128
hierarchy,0.05,8,transformer,0.045914313267346296,0.9883102774620056,,128
hierarchy,0.05,8,known_pool_uniform,0.04219437389777833,0.9883102774620056,,128
hierarchy,0.05,8,assignment_oracle,0.037600623620474366,0.9883102774620056,,128
hierarchy,0.05,8,ridge_current,0.35514322491615247,0.9883102774620056,,128
hierarchy,0.05,8,ridge_history,0.043673256465182046,0.9883102774620056,,128
hierarchy,0.05,8,em_ridge_K3,0.04370983079451038,0.9883102774620056,,128
hierarchy,0.05,9,transformer,0.050452540502756354,0.9962122440338135,,128
hierarchy,0.05,9,known_pool_uniform,0.0461970687643367,0.9962122440338135,,128
hierarchy,0.05,9,assignment_oracle,0.0436643300638498,0.9962122440338135,,128
hierarchy,0.05,9,ridge_current,0.3701411468323625,0.9962122440338135,,128
hierarchy,0.05,9,ridge_history,0.0470897026340123,0.9962122440338135,,128
hierarchy,0.05,9,em_ridge_K3,0.04731833079330862,0.9962122440338135,,128
hierarchy,0.2,0,transformer,0.08636850682080521,0.6508497595787048,,128
hierarchy,0.2,0,known_pool_uniform,0.05883976454519871,0.6508497595787048,,128
hierarchy,0.2,0,assignment_oracle,0.044776589226274505,0.6508497595787048,,128
hierarchy,0.2,0,ridge_current,0.4821186217707692,0.6508497595787048,,128
hierarchy,0.2,0,ridge_history,0.1716303838186748,0.6508497595787048,,128
hierarchy,0.2,0,em_ridge_K3,0.07719591205936722,0.6508497595787048,,128
hierarchy,0.2,1,transformer,0.07347775940250406,0.9565430879592896,,128
hierarchy,0.2,1,known_pool_uniform,0.060946915887793,0.9565430879592896,,128
hierarchy,0.2,1,assignment_oracle,0.04665239539357338,0.9565430879592896,,128
hierarchy,0.2,1,ridge_current,0.4479802472192972,0.9565430879592896,,128
hierarchy,0.2,1,ridge_history,0.09379989423475835,0.9565430879592896,,128
hierarchy,0.2,1,em_ridge_K3,0.06265327254856576,0.9565430879592896,,128
hierarchy,0.2,2,transformer,0.10037027463046315,0.8159184455871582,,128
hierarchy,0.2,2,known_pool_uniform,0.06614514422928379,0.8159184455871582,,128
hierarchy,0.2,2,assignment_oracle,0.04863798276881698,0.8159184455871582,,128
hierarchy,0.2,2,ridge_current,0.3411743878243877,0.8159184455871582,,128
hierarchy,0.2,2,ridge_history,0.13280377065616766,0.8159184455871582,,128
hierarchy,0.2,2,em_ridge_K3,0.07158588665702066,0.8159184455871582,,128
hierarchy,0.2,3,transformer,0.051802332999900655,0.9808512926101685,,128
hierarchy,0.2,3,known_pool_uniform,0.04206352204069089,0.9808512926101685,,128
hierarchy,0.2,3,assignment_oracle,0.03277642952999629,0.9808512926101685,,128
hierarchy,0.2,3,ridge_current,0.3939187116016434,0.9808512926101685,,128
hierarchy,0.2,3,ridge_history,0.06465456416089511,0.9808512926101685,,128
hierarchy,0.2,3,em_ridge_K3,0.057330230947034204,0.9808512926101685,,128
hierarchy,0.2,4,transformer,0.05882943735652397,0.9566513895988464,,128
hierarchy,0.2,4,known_pool_uniform,0.056792534853068954,0.9566513895988464,,128
hierarchy,0.2,4,assignment_oracle,0.041028090395032926,0.9566513895988464,,128
hierarchy,0.2,4,ridge_current,0.3919166952353781,0.9566513895988464,,128
hierarchy,0.2,4,ridge_history,0.06465304750938419,0.9566513895988464,,128
hierarchy,0.2,4,em_ridge_K3,0.05921425847847907,0.9566513895988464,,128
hierarchy,0.2,5,transformer,0.07711824822707308,0.934501051902771,,128
hierarchy,0.2,5,known_pool_uniform,0.05585293381966684,0.934501051902771,,128
hierarchy,0.2,5,assignment_oracle,0.03495071475824736,0.934501051902771,,128
hierarchy,0.2,5,ridge_current,0.3695671131293654,0.934501051902771,,128
hierarchy,0.2,5,ridge_history,0.17069226968616052,0.934501051902771,,128
hierarchy,0.2,5,em_ridge_K3,0.06880520793674333,0.934501051902771,,128
hierarchy,0.2,6,transformer,0.06460725418217508,0.9889881610870361,,128
hierarchy,0.2,6,known_pool_uniform,0.05719706570308264,0.9889881610870361,,128
hierarchy,0.2,6,assignment_oracle,0.041313226616390544,0.9889881610870361,,128
hierarchy,0.2,6,ridge_current,0.35135126410187256,0.9889881610870361,,128
hierarchy,0.2,6,ridge_history,0.09560415418557613,0.9889881610870361,,128
hierarchy,0.2,6,em_ridge_K3,0.060718162451104674,0.9889881610870361,,128
hierarchy,0.2,7,transformer,0.07850373193754914,0.8926163911819458,,128
hierarchy,0.2,7,known_pool_uniform,0.05084840895250965,0.8926163911819458,,128
hierarchy,0.2,7,assignment_oracle,0.0412755837662597,0.8926163911819458,,128
hierarchy,0.2,7,ridge_current,0.35452444683966444,0.8926163911819458,,128
hierarchy,0.2,7,ridge_history,0.10866617221785577,0.8926163911819458,,128
hierarchy,0.2,7,em_ridge_K3,0.06594581186434931,0.8926163911819458,,128
hierarchy,0.2,8,transformer,0.06722951632460043,0.7978912591934204,,128
hierarchy,0.2,8,known_pool_uniform,0.053722295059541236,0.7978912591934204,,128
hierarchy,0.2,8,assignment_oracle,0.03760062576129654,0.7978912591934204,,128
hierarchy,0.2,8,ridge_current,0.3853571801371016,0.7978912591934204,,128
hierarchy,0.2,8,ridge_history,0.12037032155093311,0.7978912591934204,,128
hierarchy,0.2,8,em_ridge_K3,0.06415972507102732,0.7978912591934204,,128
hierarchy,0.2,9,transformer,0.06670815645005884,0.9416681528091431,,128
hierarchy,0.2,9,known_pool_uniform,0.05844038525136594,0.9416681528091431,,128
hierarchy,0.2,9,assignment_oracle,0.04366432580078369,0.9416681528091431,,128
hierarchy,0.2,9,ridge_current,0.38456120551295087,0.9416681528091431,,128
hierarchy,0.2,9,ridge_history,0.08972900114946071,0.9416681528091431,,128
hierarchy,0.2,9,em_ridge_K3,0.05606691746572793,0.9416681528091431,,128
hierarchy,0.5,0,transformer,0.16134309660727683,-0.15611381828784943,,128
hierarchy,0.5,0,known_pool_uniform,0.05152746259534728,-0.15611381828784943,,128
hierarchy,0.5,0,assignment_oracle,0.04477659093563435,-0.15611381828784943,,128
hierarchy,0.5,0,ridge_current,0.4704141338533361,-0.15611381828784943,,128
hierarchy,0.5,0,ridge_history,0.5414797386856627,-0.15611381828784943,,128
hierarchy,0.5,0,em_ridge_K3,0.057095022583231944,-0.15611381828784943,,128
hierarchy,0.5,1,transformer,0.12119906647403231,0.7497735023498535,,128
hierarchy,0.5,1,known_pool_uniform,0.0727694159084009,0.7497735023498535,,128
hierarchy,0.5,1,assignment_oracle,0.046652394566559716,0.7497735023498535,,128
hierarchy,0.5,1,ridge_current,0.45002917984091706,0.7497735023498535,,128
hierarchy,0.5,1,ridge_history,0.27532269296112505,0.7497735023498535,,128
hierarchy,0.5,1,em_ridge_K3,0.07556794630608632,0.7497735023498535,,128
hierarchy,0.5,2,transformer,0.0956304947662005,0.31598979234695435,,128
hierarchy,0.5,2,known_pool_uniform,0.057678757388423214,0.31598979234695435,,128
hierarchy,0.5,2,assignment_oracle,0.04863798177912788,0.31598979234695435,,128
hierarchy,0.5,2,ridge_current,0.33945352725295963,0.31598979234695435,,128
hierarchy,0.5,2,ridge_history,0.3754849934008192,0.31598979234695435,,128
hierarchy,0.5,2,em_ridge_K3,0.05760776963156866,0.31598979234695435,,128
hierarchy,0.5,3,transformer,0.06836882793635597,0.9306269288063049,,128
hierarchy,0.5,3,known_pool_uniform,0.04592148243773012,0.9306269288063049,,128
hierarchy,0.5,3,assignment_oracle,0.032776429202612214,0.9306269288063049,,128
hierarchy,0.5,3,ridge_current,0.3780850934987023,0.9306269288063049,,128
hierarchy,0.5,3,ridge_history,0.19037161729899252,0.9306269288063049,,128
hierarchy,0.5,3,em_ridge_K3,0.05530037043164193,0.9306269288063049,,128
hierarchy,0.5,4,transformer,0.08481562654511553,0.7561808228492737,,128
hierarchy,0.5,4,known_pool_uniform,0.05703454819630475,0.7561808228492737,,128
hierarchy,0.5,4,assignment_oracle,0.041028089176450136,0.7561808228492737,,128
hierarchy,0.5,4,ridge_current,0.3685565199746762,0.7561808228492737,,128
hierarchy,0.5,4,ridge_history,0.1856598601092036,0.7561808228492737,,128
hierarchy,0.5,4,em_ridge_K3,0.05719646077248089,0.7561808228492737,,128
hierarchy,0.5,5,transformer,0.11485369179095041,0.8447077870368958,,128
hierarchy,0.5,5,known_pool_uniform,0.10634367835661707,0.8447077870368958,,128
hierarchy,0.5,5,assignment_oracle,0.03495071630101909,0.8447077870368958,,128
hierarchy,0.5,5,ridge_current,0.33928640381055575,0.8447077870368958,,128
hierarchy,0.5,5,ridge_history,0.7181718060436527,0.8447077870368958,,128
hierarchy,0.5,5,em_ridge_K3,0.10927015132925955,0.8447077870368958,,128
hierarchy,0.5,6,transformer,0.08355741946862064,0.9515132904052734,,128
hierarchy,0.5,6,known_pool_uniform,0.050924499632740886,0.9515132904052734,,128
hierarchy,0.5,6,assignment_oracle,0.04131323374596879,0.9515132904052734,,128
hierarchy,0.5,6,ridge_current,0.3518086380347153,0.9515132904052734,,128
hierarchy,0.5,6,ridge_history,0.24177958822324344,0.9515132904052734,,128
hierarchy,0.5,6,em_ridge_K3,0.04912730252420476,0.9515132904052734,,128
hierarchy,0.5,7,transformer,0.14784729135824934,0.5730613470077515,,128
hierarchy,0.5,7,known_pool_uniform,0.04161097393350385,0.5730613470077515,,128
hierarchy,0.5,7,assignment_oracle,0.04127558804237133,0.5730613470077515,,128
hierarchy,0.5,7,ridge_current,0.32684697473800217,0.5730613470077515,,128
hierarchy,0.5,7,ridge_history,0.37821873785925314,0.5730613470077515,,128
hierarchy,0.5,7,em_ridge_K3,0.04558361874305497,0.5730613470077515,,128
hierarchy,0.5,8,transformer,0.09272086247483008,0.14048972725868225,,128
hierarchy,0.5,8,known_pool_uniform,0.05215289475659757,0.14048972725868225,,128
hierarchy,0.5,8,assignment_oracle,0.03760062530136215,0.14048972725868225,,128
hierarchy,0.5,8,ridge_current,0.44520580590922504,0.14048972725868225,,128
hierarchy,0.5,8,ridge_history,0.4155968888302848,0.14048972725868225,,128
hierarchy,0.5,8,em_ridge_K3,0.05165365279050021,0.14048972725868225,,128
hierarchy,0.5,9,transformer,0.08936486695072918,0.6972641944885254,,128
hierarchy,0.5,9,known_pool_uniform,0.051583436758247406,0.6972641944885254,,128
hierarchy,0.5,9,assignment_oracle,0.04366433017758367,0.6972641944885254,,128
hierarchy,0.5,9,ridge_current,0.39573152229077724,0.6972641944885254,,128
hierarchy,0.5,9,ridge_history,0.2970199564620585,0.6972641944885254,,128
hierarchy,0.5,9,em_ridge_K3,0.06275728484148803,0.6972641944885254,,128
hierarchy,1.0,0,transformer,0.19618254725528417,-0.4483436644077301,,128
hierarchy,1.0,0,known_pool_uniform,0.045317135024872134,-0.4483436644077301,,128
hierarchy,1.0,0,assignment_oracle,0.04477659561710643,-0.4483436644077301,,128
hierarchy,1.0,0,ridge_current,0.43960021372851954,-0.4483436644077301,,128
hierarchy,1.0,0,ridge_history,0.7838914351011018,-0.4483436644077301,,128
hierarchy,1.0,0,em_ridge_K3,0.05104787881480122,-0.4483436644077301,,128
hierarchy,1.0,1,transformer,0.18532422130484255,0.440533310174942,,128
hierarchy,1.0,1,known_pool_uniform,0.059019815495041573,0.440533310174942,,128
hierarchy,1.0,1,assignment_oracle,0.046652393698724856,0.440533310174942,,128
hierarchy,1.0,1,ridge_current,0.4484499323970875,0.440533310174942,,128
hierarchy,1.0,1,ridge_history,0.5325137867080606,0.440533310174942,,128
hierarchy,1.0,1,em_ridge_K3,0.06595351756538706,0.440533310174942,,128
hierarchy,1.0,2,transformer,0.14445970343905423,-0.0781613141298294,,128
hierarchy,1.0,2,known_pool_uniform,0.049191634255930775,-0.0781613141298294,,128
hierarchy,1.0,2,assignment_oracle,0.04863798389278645,-0.0781613141298294,,128
hierarchy,1.0,2,ridge_current,0.3399081690989457,-0.0781613141298294,,128
hierarchy,1.0,2,ridge_history,0.6008655223868307,-0.0781613141298294,,128
hierarchy,1.0,2,em_ridge_K3,0.05431244856153078,-0.0781613141298294,,128
hierarchy,1.0,3,transformer,0.08271093060836077,0.8610091209411621,,128
hierarchy,1.0,3,known_pool_uniform,0.037701209876327045,0.8610091209411621,,128
hierarchy,1.0,3,assignment_oracle,0.03277642974282903,0.8610091209411621,,128
hierarchy,1.0,3,ridge_current,0.3636943658202608,0.8610091209411621,,128
hierarchy,1.0,3,ridge_history,0.39907670588514316,0.8610091209411621,,128
hierarchy,1.0,3,em_ridge_K3,0.044934449734758075,0.8610091209411621,,128
hierarchy,1.0,4,transformer,0.09834292132579521,0.32116803526878357,,128
hierarchy,1.0,4,known_pool_uniform,0.05271978587700989,0.32116803526878357,,128
hierarchy,1.0,4,assignment_oracle,0.041028086325715196,0.32116803526878357,,128
hierarchy,1.0,4,ridge_current,0.367410893113689,0.32116803526878357,,128
hierarchy,1.0,4,ridge_history,0.4182250474333984,0.32116803526878357,,128
hierarchy,1.0,4,em_ridge_K3,0.04943366664342373,0.32116803526878357,,128
hierarchy,1.0,5,transformer,0.16655547081685806,0.6723379492759705,,128
hierarchy,1.0,5,known_pool_uniform,0.046564112563076486,0.6723379492759705,,128
hierarchy,1.0,5,assignment_oracle,0.03495071781468113,0.6723379492759705,,128
hierarchy,1.0,5,ridge_current,0.3657003638696817,0.6723379492759705,,128
hierarchy,1.0,5,ridge_history,0.7241112921318371,0.6723379492759705,,128
hierarchy,1.0,5,em_ridge_K3,0.053598793826397005,0.6723379492759705,,128
hierarchy,1.0,6,transformer,0.19781738779680563,0.6764296889305115,,128
hierarchy,1.0,6,known_pool_uniform,0.055518271554482676,0.6764296889305115,,128
hierarchy,1.0,6,assignment_oracle,0.04131322974416882,0.6764296889305115,,128
hierarchy,1.0,6,ridge_current,0.31247961678174824,0.6764296889305115,,128
hierarchy,1.0,6,ridge_history,0.5615717588655641,0.6764296889305115,,128
hierarchy,1.0,6,em_ridge_K3,0.056620147040496345,0.6764296889305115,,128
hierarchy,1.0,7,transformer,0.2169140883359889,0.14479999244213104,,128
hierarchy,1.0,7,known_pool_uniform,0.039312680256681595,0.14479999244213104,,128
hierarchy,1.0,7,assignment_oracle,0.041275588111453654,0.14479999244213104,,128
hierarchy,1.0,7,ridge_current,0.33171143938066505,0.14479999244213104,,128
hierarchy,1.0,7,ridge_history,0.6551014690132108,0.14479999244213104,,128
hierarchy,1.0,7,em_ridge_K3,0.041691512722240975,0.14479999244213104,,128
hierarchy,1.0,8,transformer,0.14037721422995228,-0.25178760290145874,,128
hierarchy,1.0,8,known_pool_uniform,0.06278969619403767,-0.25178760290145874,,128
hierarchy,1.0,8,assignment_oracle,0.03760062615659947,-0.25178760290145874,,128
hierarchy,1.0,8,ridge_current,0.4680460953674771,-0.25178760290145874,,128
hierarchy,1.0,8,ridge_history,0.6387825780173066,-0.25178760290145874,,128
hierarchy,1.0,8,em_ridge_K3,0.0553454428798853,-0.25178760290145874,,128
hierarchy,1.0,9,transformer,0.1479472728472362,0.27553269267082214,,128
hierarchy,1.0,9,known_pool_uniform,0.051127667293195,0.27553269267082214,,128
hierarchy,1.0,9,assignment_oracle,0.04366432575600573,0.27553269267082214,,128
hierarchy,1.0,9,ridge_current,0.36833238098222276,0.27553269267082214,,128
hierarchy,1.0,9,ridge_history,0.6006858694414634,0.27553269267082214,,128
hierarchy,1.0,9,em_ridge_K3,0.05338842486585362,0.27553269267082214,,128
