model_type,layer,position,metric,control,mean,stderr,ci95_low,ci95_high,num_pools
raw_input,-1,5,beta_r2,actual,-0.03373399747069925,0.012007908142810822,-0.060897772886181645,-0.006570222055216863,10
raw_input,-1,5,beta_r2,shuffled,-0.05242056818678975,0.007013945741483391,-0.06828721578536437,-0.03655392058821513,10
raw_input,-1,5,component_accuracy,actual,0.51328125,0.014825463882802377,0.4797437206857125,0.5468187793142875,10
raw_input,-1,5,component_accuracy,shuffled,0.5015625,0.018590175309973693,0.4595086017648687,0.5436163982351313,10
raw_input,-1,10,beta_r2,actual,-0.04032085351645946,0.010711900887104065,-0.06455285683540637,-0.016088850197512557,10
raw_input,-1,10,beta_r2,shuffled,-0.053223155252635476,0.005344786993067571,-0.06531390343263396,-0.04113240707263699,10
raw_input,-1,10,component_accuracy,actual,0.50078125,0.018795156849756387,0.4582636513064078,0.5432988486935921,10
raw_input,-1,10,component_accuracy,shuffled,0.4734375,0.015148999554426027,0.4391680821487284,0.5077069178512716,10
raw_input,-1,20,beta_r2,actual,-0.04157663900405169,0.00839751036376835,-0.060573127223122414,-0.02258015078498096,10
raw_input,-1,20,beta_r2,shuffled,-0.048283413518220186,0.011178440643623189,-0.07357080308910696,-0.022996023947333414,10
raw_input,-1,20,component_accuracy,actual,0.51015625,0.008402221773386292,0.4911491038319151,0.5291633961680848,10
raw_input,-1,20,component_accuracy,shuffled,0.521875,0.018699294865641918,0.47957425618041244,0.5641757438195876,10
raw_input,-1,30,beta_r2,actual,-0.05840671891346574,0.013715179693075568,-0.08943261089522112,-0.027380826931710355,10
raw_input,-1,30,beta_r2,shuffled,-0.05002705811712076,0.011208412461706502,-0.07538224865096678,-0.024671867583274734,10
raw_input,-1,30,component_accuracy,actual,0.5,0.009882117688026186,0.4776450966884167,0.5223549033115833,10
raw_input,-1,30,component_accuracy,shuffled,0.4953125,0.013740527039867624,0.46422926833614103,0.526395731663859,10
raw_input,-1,40,beta_r2,actual,-0.06596638914197683,0.01147538038407035,-0.09192550307363559,-0.04000727521031808,10
raw_input,-1,40,beta_r2,shuffled,-0.055152089521288875,0.009367323324417887,-0.07634244707586749,-0.03396173196671026,10
raw_input,-1,40,component_accuracy,actual,0.484375,0.01092509216843908,0.45966072449693496,0.509089275503065,10
raw_input,-1,40,component_accuracy,shuffled,0.5390625,0.013481436568275816,0.5085653717022652,0.5695596282977348,10
raw_input,-1,49,beta_r2,actual,-0.0653535258024931,0.01555116051116595,-0.10053269494265174,-0.03017435666233445,10
raw_input,-1,49,beta_r2,shuffled,-0.05226669672410935,0.011245864040152842,-0.07770660861439586,-0.02682678483382284,10
raw_input,-1,49,component_accuracy,actual,0.475,0.020531670150444815,0.4285541353049611,0.5214458646950388,10
raw_input,-1,49,component_accuracy,shuffled,0.51015625,0.016554390703450852,0.4727076164944286,0.5476048835055713,10
trained,0,5,beta_r2,actual,-0.03818561108782888,0.012860349025995501,-0.06727774175306953,-0.009093480422588236,10
trained,0,5,beta_r2,shuffled,-0.05350384181365371,0.011816411910877976,-0.08023442265642035,-0.026773260970887072,10
trained,0,5,component_accuracy,actual,0.4984375,0.01401419171570178,0.46673519582949796,0.530139804170502,10
trained,0,5,component_accuracy,shuffled,0.4984375,0.009375,0.4772297765987668,0.5196452234012332,10
trained,0,10,beta_r2,actual,-0.042123967316001654,0.010660901604361278,-0.0662406022421944,-0.018007332389808912,10
trained,0,10,beta_r2,shuffled,-0.03586768563836813,0.011828068091399928,-0.06262463459339337,-0.009110736683342894,10
trained,0,10,component_accuracy,actual,0.51171875,0.019807080072715016,0.46691202193939013,0.5565254780606098,10
trained,0,10,component_accuracy,shuffled,0.48359375,0.015070454475239881,0.44950201346221186,0.5176854865377881,10
trained,0,20,beta_r2,actual,-0.04653954981477,0.008987931294238118,-0.0668716629707689,-0.026207436658771104,10
trained,0,20,beta_r2,shuffled,-0.04556020200252533,0.008212820062470712,-0.06413889173361625,-0.026981512271434405,10
trained,0,20,component_accuracy,actual,0.52109375,0.010677083333333332,0.4969405094597067,0.5452469905402934,10
trained,0,20,component_accuracy,shuffled,0.48359375,0.015644519058203736,0.44820338915395136,0.5189841108460486,10
trained,0,30,beta_r2,actual,-0.0704223858192563,0.014090237792465413,-0.10229671816701191,-0.038548053471500705,10
trained,0,30,beta_r2,shuffled,-0.03442656327970326,0.013597799928092352,-0.06518692378533429,-0.0036662027740722303,10
trained,0,30,component_accuracy,actual,0.50234375,0.014407891868357347,0.4697508342091734,0.5349366657908265,10
trained,0,30,component_accuracy,shuffled,0.52578125,0.0185627951949966,0.48378928988808234,0.5677732101119176,10
trained,0,40,beta_r2,actual,-0.07073336206376553,0.012390038895871319,-0.0987615772994092,-0.04270514682812186,10
trained,0,40,beta_r2,shuffled,-0.04444396779872477,0.010408310972281875,-0.06798920301730337,-0.020898732580146174,10
trained,0,40,component_accuracy,actual,0.49140625,0.015859781227692826,0.4555289322953622,0.5272835677046378,10
trained,0,40,component_accuracy,shuffled,0.4953125,0.012979099785809491,0.4659517364528584,0.5246732635471416,10
trained,0,49,beta_r2,actual,-0.07711181826889515,0.017170246843979917,-0.11595361515401759,-0.038270021383772716,10
trained,0,49,beta_r2,shuffled,-0.048232714436016975,0.010440599448801175,-0.07185099126302955,-0.02461443760900441,10
trained,0,49,component_accuracy,actual,0.47421875,0.01328125,0.44417447518158637,0.5042630248184137,10
trained,0,49,component_accuracy,shuffled,0.5234375,0.014959798558692783,0.4895960845364349,0.5572789154635651,10
trained,1,5,beta_r2,actual,0.5708324879407882,0.05684788614205771,0.44223363511459557,0.6994313407669809,10
trained,1,5,beta_r2,shuffled,-0.2560587227344513,0.024161583811568476,-0.3107160226183401,-0.2014014228505625,10
trained,1,5,component_accuracy,actual,0.8890625,0.03354829773997483,0.8131709779678291,0.9649540220321708,10
trained,1,5,component_accuracy,shuffled,0.51875,0.013641459222613329,0.4878908753085457,0.5496091246914544,10
trained,1,10,beta_r2,actual,0.5610821843147278,0.06624225349534178,0.41123179609034594,0.7109325725391096,10
trained,1,10,beta_r2,shuffled,-0.25648407749831675,0.043686048809212584,-0.355308785726429,-0.15765936927020452,10
trained,1,10,component_accuracy,actual,0.87578125,0.04025017388031799,0.7847290308527654,0.9668334691472346,10
trained,1,10,component_accuracy,shuffled,0.5015625,0.02006391696276898,0.4561747665288838,0.5469502334711163,10
trained,1,20,beta_r2,actual,0.5495413899421692,0.06790951789007203,0.3959193876249699,0.7031633922593684,10
trained,1,20,beta_r2,shuffled,-0.13500303383916618,0.02336578888589032,-0.18786012053181367,-0.0821459471465187,10
trained,1,20,component_accuracy,actual,0.88125,0.03809211354838864,0.79507965249039,0.9674203475096099,10
trained,1,20,component_accuracy,shuffled,0.503125,0.015459189666308158,0.46815388336530506,0.538096116634695,10
trained,1,30,beta_r2,actual,0.5577219113707542,0.061259878430736256,0.41914243858651695,0.6963013841549914,10
trained,1,30,beta_r2,shuffled,-0.16255581080913545,0.015947563530538545,-0.19863170587892265,-0.12647991573934825,10
trained,1,30,component_accuracy,actual,0.87265625,0.039080724915178236,0.7842495082057833,0.9610629917942167,10
trained,1,30,component_accuracy,shuffled,0.49609375,0.014322916666666668,0.46369306147033823,0.5284944385296618,10
trained,1,40,beta_r2,actual,0.5452469887211919,0.07367774380445913,0.37857635283512364,0.7119176246072603,10
trained,1,40,beta_r2,shuffled,-0.1640816457569599,0.014815594722740551,-0.19759684948012274,-0.13056644203379708,10
trained,1,40,component_accuracy,actual,0.8796875,0.04342325905644731,0.7814572634934156,0.9779177365065843,10
trained,1,40,component_accuracy,shuffled,0.50703125,0.01677414886998741,0.4690854889839146,0.5449770110160855,10
trained,1,49,beta_r2,actual,0.543574582785368,0.06684040563844383,0.39237108040602475,0.6947780851647112,10
trained,1,49,beta_r2,shuffled,-0.20884875804185868,0.017961572091375083,-0.24948065700347916,-0.1682168590802382,10
trained,1,49,component_accuracy,actual,0.87109375,0.042059508777990175,0.7759485309540955,0.9662389690459045,10
trained,1,49,component_accuracy,shuffled,0.49921875,0.013301659155335554,0.46912830646465736,0.5293091935353427,10
trained,2,5,beta_r2,actual,0.5997481495141983,0.050014673496234285,0.48660709761967835,0.7128892014087183,10
trained,2,5,beta_r2,shuffled,-0.3599330440163612,0.03944738565505163,-0.4491692300295994,-0.27069685800312304,10
trained,2,5,component_accuracy,actual,0.9078125,0.027628723353905923,0.8453119855659917,0.9703130144340083,10
trained,2,5,component_accuracy,shuffled,0.4921875,0.012489144591960205,0.46393509210407474,0.5204399078959252,10
trained,2,10,beta_r2,actual,0.5963166907429696,0.06047141411789404,0.45952084815163907,0.7331125333343,10
trained,2,10,beta_r2,shuffled,-0.2171899974346161,0.0227419582902647,-0.2686358812769964,-0.1657441135922358,10
trained,2,10,component_accuracy,actual,0.89609375,0.02897654740439527,0.8305442457359855,0.9616432542640145,10
trained,2,10,component_accuracy,shuffled,0.503125,0.017281937523996933,0.4640305412430593,0.5422194587569408,10
trained,2,20,beta_r2,actual,0.5871299616992474,0.06335475334364273,0.44381155262561245,0.7304483707728823,10
trained,2,20,beta_r2,shuffled,-0.19031817093491554,0.03159386128598663,-0.2617884505434631,-0.11884789132636799,10
trained,2,20,component_accuracy,actual,0.8890625,0.03891987852556126,0.8010196180181656,0.9771053819818344,10
trained,2,20,component_accuracy,shuffled,0.48828125,0.0174401413023471,0.4488289094326827,0.5277335905673173,10
trained,2,30,beta_r2,actual,0.6159204244613647,0.053123981838535714,0.4957456284289594,0.7360952204937701,10
trained,2,30,beta_r2,shuffled,-0.20873267948627472,0.021549278617313424,-0.25748053446356445,-0.15998482450898496,10
trained,2,30,component_accuracy,actual,0.88359375,0.03243102489697258,0.8102296747324265,0.9569578252675734,10
trained,2,30,component_accuracy,shuffled,0.4890625,0.011540895732375177,0.4629551800539003,0.5151698199460998,10
trained,2,40,beta_r2,actual,0.5865901306271553,0.06781671293855984,0.4331780676957624,0.7400021935585481,10
trained,2,40,beta_r2,shuffled,-0.19783575236797332,0.018024116425876625,-0.2386091364438789,-0.15706236829206774,10
trained,2,40,component_accuracy,actual,0.890625,0.03761195671850169,0.8055408427023854,0.9757091572976146,10
trained,2,40,component_accuracy,shuffled,0.51171875,0.019635140360566985,0.4673009765907953,0.5561365234092047,10
trained,2,49,beta_r2,actual,0.6031144171953201,0.05610452443374833,0.4761971653821294,0.7300316690085108,10
trained,2,49,beta_r2,shuffled,-0.15391614027321338,0.03332934008561466,-0.22931234567922393,-0.07851993486720284,10
trained,2,49,component_accuracy,actual,0.9,0.031202220418229495,0.8294156735856938,0.9705843264143063,10
trained,2,49,component_accuracy,shuffled,0.528125,0.022916666666666665,0.4762838983525411,0.5799661016474588,10
trained,3,5,beta_r2,actual,0.7140837520360946,0.0449623494735989,0.6123718511181568,0.8157956529540324,10
trained,3,5,beta_r2,shuffled,-0.3511608257889748,0.029142844706659968,-0.41708652068646135,-0.2852351308914882,10
trained,3,5,component_accuracy,actual,0.95078125,0.015540134112328845,0.9156270243069506,0.9859354756930494,10
trained,3,5,component_accuracy,shuffled,0.49140625,0.017054806593784312,0.45282559710373277,0.5299869028962673,10
trained,3,10,beta_r2,actual,0.735204428434372,0.042451019202346535,0.6391735512776996,0.8312353055910443,10
trained,3,10,beta_r2,shuffled,-0.334216770529747,0.04320327594719662,-0.43194937067004524,-0.2364841703894488,10
trained,3,10,component_accuracy,actual,0.94765625,0.02050688241938545,0.9012664590483266,0.9940460409516734,10
trained,3,10,component_accuracy,shuffled,0.49453125,0.0063841930584017,0.48008920194425,0.50897329805575,10
trained,3,20,beta_r2,actual,0.7378391355276108,0.05133260910205203,0.6217167061622835,0.8539615648929382,10
trained,3,20,beta_r2,shuffled,-0.2360431592911482,0.03075733941688308,-0.3056210949616658,-0.16646522362063057,10
trained,3,20,component_accuracy,actual,0.95234375,0.018831204364365545,0.9097446061630337,0.9949428938369664,10
trained,3,20,component_accuracy,shuffled,0.48203125,0.013880477053371278,0.45063142941066003,0.51343107058934,10
trained,3,30,beta_r2,actual,0.7626224726438522,0.046017129862990995,0.658524492712872,0.8667204525748324,10
trained,3,30,beta_r2,shuffled,-0.22513836324214936,0.023760030924041484,-0.2788872873852767,-0.17138943909902207,10
trained,3,30,component_accuracy,actual,0.96328125,0.013127169959508916,0.9335855284488275,0.9929769715511725,10
trained,3,30,component_accuracy,shuffled,0.48984375,0.012707159269537346,0.4610981586395985,0.5185893413604016,10
trained,3,40,beta_r2,actual,0.7503215938806533,0.050477068180054666,0.6361345325400893,0.8645086552212173,10
trained,3,40,beta_r2,shuffled,-0.2851684778928757,0.03139007754081797,-0.3561777666426281,-0.21415918914312326,10
trained,3,40,component_accuracy,actual,0.9546875,0.018843804703255772,0.9120598522161595,0.9973151477838406,10
trained,3,40,component_accuracy,shuffled,0.4703125,0.014905300022139776,0.4365943687912603,0.5040306312087398,10
trained,3,49,beta_r2,actual,0.7472194850444793,0.04016983560499326,0.6563490037022175,0.8380899663867412,10
trained,3,49,beta_r2,shuffled,-0.2529416583478451,0.029055517962591947,-0.3186698064257344,-0.1872135102699558,10
trained,3,49,component_accuracy,actual,0.95625,0.013441133229754106,0.9258440441881868,0.9866559558118133,10
trained,3,49,component_accuracy,shuffled,0.48203125,0.014548414295274398,0.44912045039458925,0.5149420496054108,10
trained,4,5,beta_r2,actual,0.7804764777421951,0.050560537948982597,0.6661005946659736,0.8948523608184166,10
trained,4,5,beta_r2,shuffled,-0.3359096646308899,0.035917431311337865,-0.41716053914114537,-0.2546587901206344,10
trained,4,5,component_accuracy,actual,0.95,0.01572019611748601,0.9144384457522364,0.9855615542477635,10
trained,4,5,component_accuracy,shuffled,0.4796875,0.015415258944738273,0.4448157615617712,0.5145592384382288,10
trained,4,10,beta_r2,actual,0.8176239758729935,0.05452575936612361,0.6942781387659057,0.9409698129800813,10
trained,4,10,beta_r2,shuffled,-0.2716923728585243,0.03354494112129066,-0.34757630169169607,-0.1958084440253526,10
trained,4,10,component_accuracy,actual,0.95390625,0.019363866088563855,0.91010214162829,0.99771035837171,10
trained,4,10,component_accuracy,shuffled,0.515625,0.017313302227702772,0.4764595893539121,0.5547904106460879,10
trained,4,20,beta_r2,actual,0.8389766603708267,0.05250187361362906,0.7202091709154297,0.9577441498262238,10
trained,4,20,beta_r2,shuffled,-0.258760803937912,0.010918488831539452,-0.2834601416551112,-0.23406146622071283,10
trained,4,20,component_accuracy,actual,0.96015625,0.018171411483770324,0.9190496613538355,1.0012628386461646,10
trained,4,20,component_accuracy,shuffled,0.5046875,0.010364452469860622,0.4812414796068232,0.5281335203931767,10
trained,4,30,beta_r2,actual,0.8493778169155121,0.049944806702576144,0.7363948146887076,0.9623608191423165,10
trained,4,30,beta_r2,shuffled,-0.28410704433918,0.030917322895885918,-0.35404688778265325,-0.21416720089570673,10
trained,4,30,component_accuracy,actual,0.965625,0.015193700151890439,0.9312544623719928,0.9999955376280071,10
trained,4,30,component_accuracy,shuffled,0.490625,0.01175053559654008,0.46404344173357154,0.5172065582664284,10
trained,4,40,beta_r2,actual,0.8442798763513565,0.053586584924252,0.7230585994350656,0.9655011532676474,10
trained,4,40,beta_r2,shuffled,-0.31023123413324355,0.017425405377376493,-0.34965023972233816,-0.27081222854414894,10
trained,4,40,component_accuracy,actual,0.96640625,0.016757969315829343,0.9284970896782442,1.004315410321756,10
trained,4,40,component_accuracy,shuffled,0.49765625,0.012382805654134103,0.4696443974939625,0.5256681025060376,10
trained,4,49,beta_r2,actual,0.8501230120658875,0.0431816995066975,0.7524392212250121,0.9478068029067629,10
trained,4,49,beta_r2,shuffled,-0.17143386416137218,0.03943628586563762,-0.2606449407064819,-0.08222278761626244,10
trained,4,49,component_accuracy,actual,0.96875,0.010862840424278233,0.9441765477258851,0.9933234522741149,10
trained,4,49,component_accuracy,shuffled,0.49140625,0.01648871470653826,0.4541061859212684,0.5287063140787316,10
trained,5,5,beta_r2,actual,0.7638734728097916,0.055673066901391406,0.6379322457438653,0.8898146998757178,10
trained,5,5,beta_r2,shuffled,-0.34368746876716616,0.029679181737205795,-0.4108264423199759,-0.2765484952143564,10
trained,5,5,component_accuracy,actual,0.94453125,0.017447916666666664,0.9050613203365939,0.9840011796634062,10
trained,5,5,component_accuracy,shuffled,0.48984375,0.010222805430411729,0.46671815747170176,0.5129693425282983,10
trained,5,10,beta_r2,actual,0.8312101632356643,0.05226853154449244,0.7129705302133469,0.9494497962579818,10
trained,5,10,beta_r2,shuffled,-0.27846098095178606,0.023509081197849672,-0.3316422173743063,-0.22527974452926583,10
trained,5,10,component_accuracy,actual,0.95703125,0.020247291163984545,0.9112286952661316,1.0028338047338685,10
trained,5,10,component_accuracy,shuffled,0.50703125,0.014659862442747466,0.4738683371695025,0.5401941628304976,10
trained,5,20,beta_r2,actual,0.846369394659996,0.05413063785396137,0.7239173845118216,0.9688214048081705,10
trained,5,20,beta_r2,shuffled,-0.26347692757844926,0.04001192184741146,-0.3539901831828931,-0.17296367197400545,10
trained,5,20,component_accuracy,actual,0.96171875,0.018795156849756384,0.9192011513064078,1.0042363486935921,10
trained,5,20,component_accuracy,shuffled,0.48125,0.01165782775291635,0.45487816144607257,0.5076218385539274,10
trained,5,30,beta_r2,actual,0.8640239834785461,0.05153839917794248,0.7474360246190105,0.9806119423380818,10
trained,5,30,beta_r2,shuffled,-0.26846557557582856,0.03289518424548261,-0.34287965223831374,-0.19405149891334342,10
trained,5,30,component_accuracy,actual,0.9703125,0.015529220329037054,0.9351829629999974,1.0054420370000028,10
trained,5,30,component_accuracy,shuffled,0.50078125,0.013096136417375165,0.47115573119845233,0.5304067688015476,10
trained,5,40,beta_r2,actual,0.8579825669527054,0.05553155303998949,0.7323614664819847,0.983603667423426,10
trained,5,40,beta_r2,shuffled,-0.2893258735537529,0.026099998552786625,-0.34836817222896194,-0.23028357487854384,10
trained,5,40,component_accuracy,actual,0.96328125,0.019731611186994392,0.9186452444197915,1.0079172555802085,10
trained,5,40,component_accuracy,shuffled,0.53828125,0.010116106562268244,0.515397027080535,0.5611654729194651,10
trained,5,49,beta_r2,actual,0.8613945662975311,0.044789067643688306,0.7600746561123083,0.9627144764827539,10
trained,5,49,beta_r2,shuffled,-0.32644071727991103,0.03408407211928202,-0.4035442451618755,-0.2493371893979466,10
trained,5,49,component_accuracy,actual,0.971875,0.010875319280115156,0.9472733185927701,0.99647668140723,10
trained,5,49,component_accuracy,shuffled,0.49453125,0.013075406469409575,0.46495262559872713,0.5241098744012729,10
trained,6,5,beta_r2,actual,0.7008140385150909,0.057743952602931976,0.5701881425260883,0.8314399345040936,10
trained,6,5,beta_r2,shuffled,-0.45257653295993805,0.04095408843936191,-0.5452211174689118,-0.3599319484509643,10
trained,6,5,component_accuracy,actual,0.946875,0.01517583571284736,0.9125448745407335,0.9812051254592665,10
trained,6,5,component_accuracy,shuffled,0.4890625,0.01369108273759887,0.4580911191186779,0.5200338808813222,10
trained,6,10,beta_r2,actual,0.7917154908180237,0.05142052588138528,0.6753941798805976,0.9080368017554499,10
trained,6,10,beta_r2,shuffled,-0.3032088041305542,0.039135149366297,-0.39173866258670054,-0.2146789456744078,10
trained,6,10,component_accuracy,actual,0.95546875,0.021820679081785647,0.9061069445180177,1.0048305554819823,10
trained,6,10,component_accuracy,shuffled,0.48984375,0.01397785093783296,0.4582236543804556,0.5214638456195445,10
trained,6,20,beta_r2,actual,0.8127772361040115,0.05635671029554329,0.6852895002372049,0.9402649719708182,10
trained,6,20,beta_r2,shuffled,-0.2508373737335205,0.028749804661952056,-0.31587395027860454,-0.18580079718843642,10
trained,6,20,component_accuracy,actual,0.96171875,0.018722853612519467,0.9193647125924168,1.0040727874075832,10
trained,6,20,component_accuracy,shuffled,0.49921875,0.017870352566976836,0.45879320393888406,0.539644296061116,10
trained,6,30,beta_r2,actual,0.8398924231529236,0.04828052282974413,0.7306742926099756,0.9491105536958715,10
trained,6,30,beta_r2,shuffled,-0.2754846602678299,0.041501321864973614,-0.36936717279027376,-0.1816021477453861,10
trained,6,30,component_accuracy,actual,0.96640625,0.0152760514333984,0.931849420830664,1.000963079169336,10
trained,6,30,component_accuracy,shuffled,0.50703125,0.015115387355136926,0.4728378682261076,0.5412246317738925,10
trained,6,40,beta_r2,actual,0.8374528765678406,0.05325422852320785,0.7169834420647735,0.9579223110709078,10
trained,6,40,beta_r2,shuffled,-0.2346147134900093,0.03188304747655937,-0.30673917771094333,-0.1624902492690753,10
trained,6,40,component_accuracy,actual,0.96328125,0.019067408862484873,0.9201477744657278,1.0064147255342721,10
trained,6,40,component_accuracy,shuffled,0.50859375,0.01729174510524378,0.46947710495289197,0.547710395047108,10
trained,6,49,beta_r2,actual,0.8437039375305175,0.03887312825823354,0.7557668120007812,0.9316410630602538,10
trained,6,49,beta_r2,shuffled,-0.23376288060098888,0.04037015000742342,-0.3250865046035198,-0.14243925659845796,10
trained,6,49,component_accuracy,actual,0.97265625,0.01049773144309707,0.948908731622866,0.996403768377134,10
trained,6,49,component_accuracy,shuffled,0.50234375,0.0152760514333984,0.467786920830664,0.536900579169336,10
untrained,0,5,beta_r2,actual,-0.038469936698675156,0.013085448953724012,-0.0680712787777722,-0.008868594619578105,10
untrained,0,5,beta_r2,shuffled,-0.053034596517682074,0.011703397633264091,-0.079509521302846,-0.02655967173251815,10
untrained,0,5,component_accuracy,actual,0.49921875,0.014659862442747468,0.4660558371695024,0.5323816628304976,10
untrained,0,5,component_accuracy,shuffled,0.50703125,0.013900006401127622,0.4755872509567483,0.5384752490432518,10
untrained,0,10,beta_r2,actual,-0.04291031090542674,0.010964987561848818,-0.06771483605845627,-0.018105785752397213,10
untrained,0,10,beta_r2,shuffled,-0.03729231227189302,0.011663396297957089,-0.06367674774987071,-0.01090787679391533,10
untrained,0,10,component_accuracy,actual,0.51484375,0.01624006440382173,0.47810617198459054,0.5515813280154095,10
untrained,0,10,component_accuracy,shuffled,0.490625,0.01301041249666333,0.4611934021797138,0.5200565978202862,10
untrained,0,20,beta_r2,actual,-0.04838385954499245,0.008785181131512831,-0.06825731996812384,-0.028510399121861058,10
untrained,0,20,beta_r2,shuffled,-0.047089878283441064,0.008423198365953741,-0.06614447680065345,-0.028035279766228674,10
untrained,0,20,component_accuracy,actual,0.52109375,0.009607222263383706,0.4993607033422922,0.5428267966577078,10
untrained,0,20,component_accuracy,shuffled,0.48359375,0.013403238783810176,0.4532735173805091,0.5139139826194908,10
untrained,0,30,beta_r2,actual,-0.07375718643888832,0.01454677800613719,-0.10666428450110696,-0.04085008837666968,10
untrained,0,30,beta_r2,shuffled,-0.03595636980608106,0.013780772408529242,-0.06713064281892736,-0.004782096793234762,10
untrained,0,30,component_accuracy,actual,0.49375,0.010912670229040083,0.46906382487612225,0.5184361751238777,10
untrained,0,30,component_accuracy,shuffled,0.52109375,0.02225153367451456,0.47075728371495146,0.5714302162850486,10
untrained,0,40,beta_r2,actual,-0.07190869888290763,0.01243133254793932,-0.10003032684935502,-0.04378707091646024,10
untrained,0,40,beta_r2,shuffled,-0.0452962574083358,0.0101524283284989,-0.068262645871445,-0.022329868945226608,10
untrained,0,40,component_accuracy,actual,0.47890625,0.017354382376610557,0.43964790960081146,0.5181645903991885,10
untrained,0,40,component_accuracy,shuffled,0.49453125,0.014594954447085471,0.4615151692568121,0.5275473307431879,10
untrained,0,49,beta_r2,actual,-0.07499553002417088,0.01720902401756108,-0.11392504697026301,-0.03606601307807874,10
untrained,0,49,beta_r2,shuffled,-0.04729643641039729,0.01025316205659338,-0.07049070039805078,-0.0241021724227438,10
untrained,0,49,component_accuracy,actual,0.48046875,0.01374299458537371,0.4493799363603999,0.5115575636396,10
untrained,0,49,component_accuracy,shuffled,0.521875,0.016788293188839787,0.4838972423117097,0.5598527576882902,10
untrained,1,5,beta_r2,actual,-0.011310382094234229,0.014874520015106151,-0.044958884089591866,0.022338119901123412,10
untrained,1,5,beta_r2,shuffled,-0.06547600142657757,0.00628872316802244,-0.07970208158597455,-0.05124992126718059,10
untrained,1,5,component_accuracy,actual,0.50625,0.011692679333668566,0.47979932169303907,0.5327006783069609,10
untrained,1,5,component_accuracy,shuffled,0.5296875,0.01710840386005921,0.4909856016639226,0.5683893983360774,10
untrained,1,10,beta_r2,actual,-0.01398476105168811,0.013322588582233131,-0.04412255024000037,0.01615302813662415,10
untrained,1,10,beta_r2,shuffled,-0.0630631532985717,0.014375341834986287,-0.09558243579825862,-0.030543870798884785,10
untrained,1,10,component_accuracy,actual,0.51875,0.01759306849380681,0.4789517140911355,0.5585482859088645,10
untrained,1,10,component_accuracy,shuffled,0.4890625,0.023558714328955503,0.4357689856344366,0.5423560143655635,10
untrained,1,20,beta_r2,actual,-0.023295456427149475,0.01082459078231816,-0.04778238199972992,0.0011914691454309768,10
untrained,1,20,beta_r2,shuffled,-0.05566763300448656,0.008510842602239532,-0.07492049655859083,-0.03641476945038229,10
untrained,1,20,component_accuracy,actual,0.52265625,0.00912945215779068,0.5020039944088304,0.5433085055911697,10
untrained,1,20,component_accuracy,shuffled,0.50546875,0.0075520833333333325,0.4883847505934511,0.5225527494065489,10
untrained,1,30,beta_r2,actual,-0.04773167846724391,0.016822574655234648,-0.08578698622029052,-0.009676370714197309,10
untrained,1,30,beta_r2,shuffled,-0.049523000698536636,0.010237891831436613,-0.07268272103697421,-0.02636328036009907,10
untrained,1,30,component_accuracy,actual,0.5046875,0.012001790231044699,0.47753756426244065,0.5318374357375593,10
untrained,1,30,component_accuracy,shuffled,0.50546875,0.01182245777376684,0.47872449246519405,0.532213007534806,10
untrained,1,40,beta_r2,actual,-0.04868573807179928,0.013522327717015158,-0.07927536857454981,-0.018096107569048746,10
untrained,1,40,beta_r2,shuffled,-0.06020094202831387,0.009622675654540691,-0.081968946685517,-0.03843293737111074,10
untrained,1,40,component_accuracy,actual,0.4890625,0.01647842918703789,0.45178570338287927,0.5263392966171208,10
untrained,1,40,component_accuracy,shuffled,0.5171875,0.01495072926500763,0.48336660070410625,0.5510083992958937,10
untrained,1,49,beta_r2,actual,-0.05316705582663417,0.019151558834315508,-0.09649089182243223,-0.009843219830836102,10
untrained,1,49,beta_r2,shuffled,-0.07336843889206648,0.010538005173858448,-0.09720706277771492,-0.04952981500641805,10
untrained,1,49,component_accuracy,actual,0.4859375,0.01180810838411941,0.4592257030397668,0.5126492969602333,10
untrained,1,49,component_accuracy,shuffled,0.490625,0.01301041249666333,0.4611934021797138,0.5200565978202862,10
untrained,2,5,beta_r2,actual,0.013466087635606527,0.01696325872055607,-0.0249074695834985,0.051839644854711556,10
untrained,2,5,beta_r2,shuffled,-0.061808837973512706,0.012772049035448272,-0.09070122018266191,-0.03291645576436349,10
untrained,2,5,component_accuracy,actual,0.521875,0.01357168147999519,0.4911737235288131,0.5525762764711868,10
untrained,2,5,component_accuracy,shuffled,0.4765625,0.008398185154477655,0.4575644852982928,0.4955605147017072,10
untrained,2,10,beta_r2,actual,0.01028709770180285,0.01740261289169653,-0.02908034770255284,0.049654543106158536,10
untrained,2,10,beta_r2,shuffled,-0.03703715091105551,0.015958341006407764,-0.07313742632507714,-0.0009368754970338691,10
untrained,2,10,component_accuracy,actual,0.53125,0.014914396940912867,0.4975112901312983,0.5649887098687016,10
untrained,2,10,component_accuracy,shuffled,0.4875,0.018087245160609725,0.44658380880463955,0.5284161911953604,10
untrained,2,20,beta_r2,actual,-1.9265804439783096e-05,0.014335333223257186,-0.0324480425365301,0.032409510927650535,10
untrained,2,20,beta_r2,shuffled,-0.037881206488236785,0.0083940511895219,-0.05686986951150854,-0.01889254346496503,10
untrained,2,20,component_accuracy,actual,0.534375,0.011060812802914217,0.5093537030915175,0.5593962969084826,10
untrained,2,20,component_accuracy,shuffled,0.51484375,0.015382228568356623,0.48004673146429294,0.5496407685357072,10
untrained,2,30,beta_r2,actual,-0.025506153143942355,0.020113732649267094,-0.07100657752709003,0.019994271239205316,10
untrained,2,30,beta_r2,shuffled,-0.036714262096211314,0.0060544790867234225,-0.050410445329254636,-0.02301807886316799,10
untrained,2,30,component_accuracy,actual,0.51015625,0.013929249083662845,0.47864609941299174,0.5416664005870082,10
untrained,2,30,component_accuracy,shuffled,0.484375,0.014168198446599419,0.4523243084000787,0.5164256915999212,10
untrained,2,40,beta_r2,actual,-0.025209151767194272,0.016662402704028346,-0.06290212539354018,0.012483821859151631,10
untrained,2,40,beta_r2,shuffled,-0.06264365669339896,0.006927903644468213,-0.07831566354590852,-0.0469716498408894,10
untrained,2,40,component_accuracy,actual,0.49140625,0.016406249999999997,0.45429273404784193,0.528519765952158,10
untrained,2,40,component_accuracy,shuffled,0.5109375,0.012058163440406484,0.4836600392030931,0.538214960796907,10
untrained,2,49,beta_r2,actual,-0.02846936983987689,0.02211687986197995,-0.0785012280384022,0.021562488358648428,10
untrained,2,49,beta_r2,shuffled,-0.042412057518959045,0.01404537510513952,-0.07418490341723799,-0.010639211620680093,10
untrained,2,49,component_accuracy,actual,0.4984375,0.015086196206208581,0.46431015319274616,0.5325648468072538,10
untrained,2,49,component_accuracy,shuffled,0.50859375,0.01890309317079115,0.4658319823846529,0.551355517615347,10
untrained,3,5,beta_r2,actual,0.03171687237918377,0.020546206109841956,-0.014761874940523452,0.078195619698891,10
untrained,3,5,beta_r2,shuffled,-0.06129248170764186,0.0122770238955696,-0.08906503925084935,-0.03351992416443437,10
untrained,3,5,component_accuracy,actual,0.5234375,0.01463903054432833,0.49032171219772597,0.5565532878022741,10
untrained,3,5,component_accuracy,shuffled,0.48828125,0.014180159781314563,0.45620349998107623,0.5203590000189238,10
untrained,3,10,beta_r2,actual,0.02874120420310646,0.021405895820136002,-0.01968229635252635,0.07716470475873927,10
untrained,3,10,beta_r2,shuffled,-0.07038505785167218,0.013447010118471155,-0.10080430810939164,-0.03996580759395271,10
untrained,3,10,component_accuracy,actual,0.53671875,0.016055273585206614,0.50039919785854,0.57303830214146,10
untrained,3,10,component_accuracy,shuffled,0.51484375,0.01095299002334015,0.49006636516464386,0.5396211348353562,10
untrained,3,20,beta_r2,actual,0.017551425844430923,0.01831860702554361,-0.02388814225088807,0.058990993939749915,10
untrained,3,20,beta_r2,shuffled,-0.052498911833390595,0.01406503896801164,-0.084316240479914,-0.020681583186867192,10
untrained,3,20,component_accuracy,actual,0.5296875,0.01316585902058806,0.49990425771218533,0.5594707422878146,10
untrained,3,20,component_accuracy,shuffled,0.496875,0.010875319280115156,0.4722733185927701,0.5214766814072299,10
untrained,3,30,beta_r2,actual,-0.011924950126558542,0.02233874535995672,-0.0624587029505098,0.038608802697392725,10
untrained,3,30,beta_r2,shuffled,-0.032195486966520546,0.008623429330291235,-0.05170303939392299,-0.012687934539118102,10
untrained,3,30,component_accuracy,actual,0.51484375,0.013752860340115516,0.48373261847264437,0.5459548815273557,10
untrained,3,30,component_accuracy,shuffled,0.5015625,0.01495072926500763,0.46774160070410625,0.5353833992958937,10
untrained,3,40,beta_r2,actual,-0.006826153723523021,0.01922870652073264,-0.05032450991074291,0.03667220246369687,10
untrained,3,40,beta_r2,shuffled,-0.06088042352348566,0.013912222027268044,-0.09235205623290903,-0.029408790814062294,10
untrained,3,40,component_accuracy,actual,0.5,0.018303420198755808,0.4585947868936792,0.5414052131063208,10
untrained,3,40,component_accuracy,shuffled,0.5046875,0.012979099785809491,0.4753267364528584,0.5340482635471415,10
untrained,3,49,beta_r2,actual,-0.010254571679979563,0.025863760039104997,-0.06876246170933491,0.04825331834937578,10
untrained,3,49,beta_r2,shuffled,-0.0502152968198061,0.00904929402098692,-0.07068622210764863,-0.02974437153196357,10
untrained,3,49,component_accuracy,actual,0.50625,0.015659683727471778,0.4708253342887452,0.5416746657112548,10
untrained,3,49,component_accuracy,shuffled,0.5140625,0.016868890354897546,0.47590241885521095,0.5522225811447891,10
untrained,4,5,beta_r2,actual,0.047964695002883674,0.021324389949178024,-0.0002744264629514423,0.09620381646871878,10
untrained,4,5,beta_r2,shuffled,-0.05316167327109724,0.011445405704565067,-0.07905297976681054,-0.027270366775383942,10
untrained,4,5,component_accuracy,actual,0.53046875,0.010638905320737238,0.5064018741243623,0.5545356258756378,10
untrained,4,5,component_accuracy,shuffled,0.49140625,0.015557580240879006,0.4562125584222877,0.5265999415777123,10
untrained,4,10,beta_r2,actual,0.04430963702034205,0.023293222555750635,-0.008383293228801957,0.09700256726948606,10
untrained,4,10,beta_r2,shuffled,-0.06803567185997964,0.010003662676706077,-0.09066552903830735,-0.04540581468165192,10
untrained,4,10,component_accuracy,actual,0.5390625,0.013329670720905965,0.508908689900961,0.569216310099039,10
untrained,4,10,component_accuracy,shuffled,0.54296875,0.009967530838023247,0.5204206287193537,0.5655168712806463,10
untrained,4,20,beta_r2,actual,0.033301586052402854,0.022376165312690342,-0.017316816585656335,0.08391998869046205,10
untrained,4,20,beta_r2,shuffled,-0.06979914251714944,0.01547003341100115,-0.10479478940657325,-0.034803495627725646,10
untrained,4,20,component_accuracy,actual,0.53671875,0.013683650682728801,0.5057641815948365,0.5676733184051636,10
untrained,4,20,component_accuracy,shuffled,0.4921875,0.008715208609729953,0.4724723284182188,0.5119026715817812,10
untrained,4,30,beta_r2,actual,0.005351889810117427,0.023374100561340972,-0.04752399919868559,0.05822777881892045,10
untrained,4,30,beta_r2,shuffled,-0.08004146572202445,0.0108946775269517,-0.10468693852599487,-0.05539599291805403,10
untrained,4,30,component_accuracy,actual,0.521875,0.01535354476352466,0.4871428687388498,0.5566071312611501,10
untrained,4,30,component_accuracy,shuffled,0.4890625,0.02011118185032065,0.4435678459249599,0.5345571540750401,10
untrained,4,40,beta_r2,actual,0.008972137584351003,0.020593899845293317,-0.037614500460628114,0.05555877562933012,10
untrained,4,40,beta_r2,shuffled,-0.0816423486918211,0.010458037979010732,-0.10530007421485589,-0.05798462316878632,10
untrained,4,40,component_accuracy,actual,0.51328125,0.01969721155974029,0.4687230617829819,0.5578394382170181,10
untrained,4,40,component_accuracy,shuffled,0.5,0.0184877493221863,0.4581778054467986,0.5418221945532014,10
untrained,4,49,beta_r2,actual,0.004226521775126457,0.027279223773939446,-0.05748336968066574,0.06593641323091866,10
untrained,4,49,beta_r2,shuffled,-0.04006849920842796,0.010723390110510541,-0.06432649295639882,-0.01581050546045711,10
untrained,4,49,component_accuracy,actual,0.51796875,0.017740855552344895,0.4778361465380947,0.5581013534619053,10
untrained,4,49,component_accuracy,shuffled,0.4859375,0.015041176123118387,0.45191199569617846,0.5199630043038216,10
untrained,5,5,beta_r2,actual,0.06597925163805485,0.023609345259898357,0.012571202149399933,0.11938730112670976,10
untrained,5,5,beta_r2,shuffled,-0.04372261725366115,0.00839943635800663,-0.06272346237439352,-0.02472177213292879,10
untrained,5,5,component_accuracy,actual,0.53359375,0.014594954447085473,0.500577669256812,0.5666098307431879,10
untrained,5,5,component_accuracy,shuffled,0.47578125,0.018795156849756384,0.43326365130640787,0.5182988486935921,10
untrained,5,10,beta_r2,actual,0.06249276962917065,0.024843056357602,0.006293871744021809,0.11869166751431949,10
untrained,5,10,beta_r2,shuffled,-0.06615910599939526,0.013056504099694347,-0.09569497026962295,-0.03662324172916756,10
untrained,5,10,component_accuracy,actual,0.54609375,0.014284987658231746,0.5137788628484471,0.578408637151553,10
untrained,5,10,component_accuracy,shuffled,0.50625,0.015659683727471778,0.4708253342887452,0.5416746657112548,10
untrained,5,20,beta_r2,actual,0.05033718615304679,0.02597266764252796,-0.008417069991474999,0.10909144229756858,10
untrained,5,20,beta_r2,shuffled,-0.0624481781385839,0.009022479812606194,-0.08285844547287322,-0.042037910804294594,10
untrained,5,20,component_accuracy,actual,0.54140625,0.0152760514333984,0.506849420830664,0.575963079169336,10
untrained,5,20,component_accuracy,shuffled,0.51171875,0.016315057403830296,0.4748115260324614,0.5486259739675385,10
untrained,5,30,beta_r2,actual,0.025394013058394192,0.027902144114881282,-0.03772502210851227,0.08851304822530065,10
untrained,5,30,beta_r2,shuffled,-0.0612392071634531,0.012606157835417048,-0.08975631740620649,-0.03272209692069972,10
untrained,5,30,component_accuracy,actual,0.5328125,0.01746151522316688,0.4933118082646032,0.5723131917353969,10
untrained,5,30,component_accuracy,shuffled,0.5109375,0.014555404804668874,0.47801088676369097,0.5438641132363091,10
untrained,5,40,beta_r2,actual,0.03545040469616652,0.024891435953039012,-0.02085793543733345,0.09175874482966648,10
untrained,5,40,beta_r2,shuffled,-0.058318260964006184,0.012722130001901836,-0.08709771847385836,-0.029538803454154005,10
untrained,5,40,component_accuracy,actual,0.5234375,0.018079744747614354,0.482538275917621,0.564336724082379,10
untrained,5,40,component_accuracy,shuffled,0.52109375,0.017354382376610557,0.4818354096008115,0.5603520903991885,10
untrained,5,49,beta_r2,actual,0.026143301487900318,0.03108068170858261,-0.04416608526382098,0.09645268823962161,10
untrained,5,49,beta_r2,shuffled,-0.06428888160735369,0.01011271582347509,-0.08716543414277061,-0.04141232907193677,10
untrained,5,49,component_accuracy,actual,0.51875,0.016271353491472195,0.48194164115084465,0.5555583588491555,10
untrained,5,49,component_accuracy,shuffled,0.50078125,0.014426707275483897,0.4681457708011711,0.5334167291988289,10
untrained,6,5,beta_r2,actual,0.0702861787751317,0.030347317913436624,0.001635776185536772,0.13893658136472664,10
untrained,6,5,beta_r2,shuffled,-0.06932468116283416,0.009416247813541773,-0.09062571360092062,-0.04802364872474771,10
untrained,6,5,component_accuracy,actual,0.5453125,0.019305992700886083,0.5016393103267607,0.5889856896732393,10
untrained,6,5,component_accuracy,shuffled,0.50546875,0.016919068615396653,0.46719515774380616,0.5437423422561939,10
untrained,6,10,beta_r2,actual,0.07210650390479714,0.03255233426896752,-0.0015319922275491976,0.14574500003714347,10
untrained,6,10,beta_r2,shuffled,-0.05293173985555768,0.010274060852989706,-0.07617328020517297,-0.02969019950594238,10
untrained,6,10,component_accuracy,actual,0.55625,0.01578906915752512,0.5205326441113883,0.5919673558886117,10
untrained,6,10,component_accuracy,shuffled,0.48984375,0.019454711141270585,0.44583413584160475,0.5338533641583953,10
untrained,6,20,beta_r2,actual,0.056046897545456886,0.030793288610061514,-0.01361236084990615,0.1257061559408199,10
untrained,6,20,beta_r2,shuffled,-0.06087663215585053,0.014780966448925518,-0.09431350128136734,-0.02743976303033372,10
untrained,6,20,component_accuracy,actual,0.54375,0.015934435979977454,0.5077038015127445,0.5797961984872554,10
untrained,6,20,component_accuracy,shuffled,0.51796875,0.01002181323171555,0.4952978334136488,0.5406396665863511,10
untrained,6,30,beta_r2,actual,0.032539064437150954,0.03331213524283481,-0.04281822091053033,0.10789634978483223,10
untrained,6,30,beta_r2,shuffled,-0.055842943303287026,0.009076573958350998,-0.0763755800968384,-0.035310306509735656,10
untrained,6,30,component_accuracy,actual,0.53828125,0.018134052456826755,0.49725917334423103,0.5793033266557691,10
untrained,6,30,component_accuracy,shuffled,0.49765625,0.01135428612322481,0.47197107031788677,0.5233414296821133,10
untrained,6,40,beta_r2,actual,0.05367231224663556,0.026035699129763463,-0.005224531028217849,0.11256915552148897,10
untrained,6,40,beta_r2,shuffled,-0.04287757624406367,0.012165138456036095,-0.07039703133881761,-0.015358121149309727,10
untrained,6,40,component_accuracy,actual,0.5359375,0.016312978920172732,0.4990349778891551,0.5728400221108448,10
untrained,6,40,component_accuracy,shuffled,0.49921875,0.016733670652518066,0.4613645570735001,0.5370729429264999,10
untrained,6,49,beta_r2,actual,0.04224685849621892,0.03173759349742723,-0.02954856596396383,0.11404228295640167,10
untrained,6,49,beta_r2,shuffled,-0.05999158564954996,0.008843003996666805,-0.07999585048126293,-0.039987320817837,10
untrained,6,49,component_accuracy,actual,0.5234375,0.019348099605215323,0.479669057891529,0.567205942108471,10
untrained,6,49,component_accuracy,shuffled,0.5046875,0.01523826962325812,0.4702161392230963,0.5391588607769036,10
