pool_index,layer,head,baseline_mse,ablated_mse,delta_mse,relative_delta,num_prompts
0,0,0,0.05865250900387764,0.06295646727085114,0.0043039582669734955,0.07338063349712066,64
0,0,1,0.05865250900387764,0.05889089033007622,0.00023838132619857788,0.004064298872171925,64
0,0,2,0.05865250900387764,0.05953841283917427,0.0008859038352966309,0.015104278577800613,64
0,0,3,0.05865250900387764,0.057476580142974854,-0.0011759288609027863,-0.020049080267052072,64
0,1,0,0.05865250900387764,0.05997386574745178,0.0013213567435741425,0.02252856298891248,64
0,1,1,0.05865250900387764,0.06061612442135811,0.0019636154174804688,0.033478796573172535,64
0,1,2,0.05865250900387764,0.06274787336587906,0.004095364362001419,0.06982419731883664,64
0,1,3,0.05865250900387764,0.07759929448366165,0.018946785479784012,0.3230345265913239,64
0,2,0,0.05865250900387764,0.08148006349802017,0.022827554494142532,0.3891999657208894,64
0,2,1,0.05865250900387764,0.06367484480142593,0.005022335797548294,0.08562866078125708,64
0,2,2,0.05865250900387764,0.06220817565917969,0.0035556666553020477,0.06062258402289922,64
0,2,3,0.05865250900387764,0.06608288735151291,0.007430378347635269,0.126684748422567,64
0,3,0,0.05865250900387764,0.07138150185346603,0.012728992849588394,0.21702384204109376,64
0,3,1,0.05865250900387764,0.06768545508384705,0.009032946079969406,0.15400783757124886,64
0,3,2,0.05865250900387764,0.06632181257009506,0.0076693035662174225,0.13075832042546776,64
0,3,3,0.05865250900387764,0.05946509167551994,0.0008125826716423035,0.013854184338043028,64
0,4,0,0.05865250900387764,0.080373115837574,0.021720606833696365,0.37032698519154644,64
0,4,1,0.05865250900387764,0.060820627957582474,0.002168118953704834,0.03696549372720832,64
0,4,2,0.05865250900387764,0.06007571518421173,0.0014232061803340912,0.02426505198977481,64
0,4,3,0.05865250900387764,0.08472681045532227,0.026074301451444626,0.4445556020336017,64
0,5,0,0.05865250900387764,0.061181019991636276,0.0025285109877586365,0.04311002258314919,64
0,5,1,0.05865250900387764,0.06185856834053993,0.0032060593366622925,0.05466192991668389,64
0,5,2,0.05865250900387764,0.06567353755235672,0.00702102854847908,0.1197055107718444,64
0,5,3,0.05865250900387764,0.0643572211265564,0.005704712122678757,0.09726288302865856,64
1,0,0,0.05475093051791191,0.0551668144762516,0.00041588395833969116,0.007595924934938552,64
1,0,1,0.05475093051791191,0.058968205004930496,0.004217274487018585,0.07702653538576602,64
1,0,2,0.05475093051791191,0.055582400411367416,0.0008314698934555054,0.015186406615834619,64
1,0,3,0.05475093051791191,0.05893564224243164,0.00418471172451973,0.07643179184094887,64
1,1,0,0.05475093051791191,0.056043487042188644,0.0012925565242767334,0.02360793710766728,64
1,1,1,0.05475093051791191,0.06071445345878601,0.0059635229408741,0.10892094224433678,64
1,1,2,0.05475093051791191,0.05400104448199272,-0.0007498860359191895,-0.013696315821703997,64
1,1,3,0.05475093051791191,0.09240218251943588,0.03765125200152397,0.6876824127859997,64
1,2,0,0.05475093051791191,0.07067028433084488,0.015919353812932968,0.2907595115197933,64
1,2,1,0.05475093051791191,0.058930426836013794,0.004179496318101883,0.07633653489520535,64
1,2,2,0.05475093051791191,0.06159321591258049,0.006842285394668579,0.12497112523603844,64
1,2,3,0.05475093051791191,0.05493062734603882,0.00017969682812690735,0.0032820780655926384,64
1,3,0,0.05475093051791191,0.09414023905992508,0.03938930854201317,0.7194271981990776,64
1,3,1,0.05475093051791191,0.05328391492366791,-0.0014670155942440033,-0.026794349983463223,64
1,3,2,0.05475093051791191,0.06568118184804916,0.010930251330137253,0.1996359007334452,64
1,3,3,0.05475093051791191,0.051792871206998825,-0.002958059310913086,-0.0540275623241019,64
1,4,0,0.05475093051791191,0.07316536456346512,0.018414434045553207,0.3363309786888927,64
1,4,1,0.05475093051791191,0.057908475399017334,0.003157544881105423,0.057671072458115626,64
1,4,2,0.05475093051791191,0.0665283277630806,0.011777397245168686,0.2151086225119146,64
1,4,3,0.05475093051791191,0.06941615790128708,0.014665227383375168,0.2678534820209046,64
1,5,0,0.05475093051791191,0.054817330092191696,6.639957427978516e-05,0.001212757000665945,64
1,5,1,0.05475093051791191,0.054946303367614746,0.00019537284970283508,0.003568393228227417,64
1,5,2,0.05475093051791191,0.058485496789216995,0.0037345662713050842,0.06821009681315099,64
1,5,3,0.05475093051791191,0.06263581663370132,0.007884886115789413,0.14401373713759694,64
2,0,0,0.048693522810935974,0.05646451190114021,0.007770989090204239,0.15958979021126357,64
2,0,1,0.048693522810935974,0.05022161826491356,0.0015280954539775848,0.03138190391110933,64
2,0,2,0.048693522810935974,0.05117061361670494,0.0024770908057689667,0.050871053534902004,64
2,0,3,0.048693522810935974,0.05138729140162468,0.0026937685906887054,0.05532088120000217,64
2,1,0,0.048693522810935974,0.047865960747003555,-0.0008275620639324188,-0.016995321269496714,64
2,1,1,0.048693522810935974,0.04957515001296997,0.0008816272020339966,0.0181056360501789,64
2,1,2,0.048693522810935974,0.04939393326640129,0.0007004104554653168,0.014384057981806751,64
2,1,3,0.048693522810935974,0.08644190430641174,0.03774838149547577,0.7752238761049902,64
2,2,0,0.048693522810935974,0.06237730383872986,0.013683781027793884,0.2810185059036159,64
2,2,1,0.048693522810935974,0.05492665246129036,0.006233129650354385,0.1280073671076945,64
2,2,2,0.048693522810935974,0.055735331028699875,0.007041808217763901,0.1446148853300419,64
2,2,3,0.048693522810935974,0.05187155678868294,0.0031780339777469635,0.06526605170920083,64
2,3,0,0.048693522810935974,0.05990811809897423,0.011214595288038254,0.23030979564471524,64
2,3,1,0.048693522810935974,0.05033653974533081,0.0016430169343948364,0.03374200180053707,64
2,3,2,0.048693522810935974,0.053548652678728104,0.0048551298677921295,0.09970791980986059,64
2,3,3,0.048693522810935974,0.04994646832346916,0.0012529455125331879,0.02573125623652886,64
2,4,0,0.048693522810935974,0.07955769449472427,0.0308641716837883,0.6338455281412241,64
2,4,1,0.048693522810935974,0.0633944645524025,0.014700941741466522,0.30190754113733914,64
2,4,2,0.048693522810935974,0.059491485357284546,0.010797962546348572,0.22175357055295508,64
2,4,3,0.048693522810935974,0.07686106115579605,0.028167538344860077,0.578465814717261,64
2,5,0,0.048693522810935974,0.05487123131752014,0.0061777085065841675,0.12686920456430523,64
2,5,1,0.048693522810935974,0.052812863141298294,0.00411934033036232,0.08459729533786306,64
2,5,2,0.048693522810935974,0.05618626996874809,0.0074927471578121185,0.15387564351732347,64
2,5,3,0.048693522810935974,0.04808725789189339,-0.0006062649190425873,-0.01245062759957012,64
3,0,0,0.046003151684999466,0.0451524518430233,-0.0008506998419761658,-0.018492207833557338,64
3,0,1,0.046003151684999466,0.047507479786872864,0.0015043281018733978,0.03270054434838261,64
3,0,2,0.046003151684999466,0.048914533108472824,0.002911381423473358,0.06328656443683192,64
3,0,3,0.046003151684999466,0.044922973960638046,-0.0010801777243614197,-0.023480515677149996,64
3,1,0,0.046003151684999466,0.050323065370321274,0.004319913685321808,0.0939047331975849,64
3,1,1,0.046003151684999466,0.05010822415351868,0.004105072468519211,0.08923459193706815,64
3,1,2,0.046003151684999466,0.04810045287013054,0.002097301185131073,0.0455903804036401,64
3,1,3,0.046003151684999466,0.10355821996927261,0.05755506828427315,1.2511114168247168,64
3,2,0,0.046003151684999466,0.05606820806860924,0.010065056383609772,0.21879058313895822,64
3,2,1,0.046003151684999466,0.04651099443435669,0.0005078427493572235,0.011039303411722108,64
3,2,2,0.046003151684999466,0.056911956518888474,0.010908804833889008,0.23713168411478594,64
3,2,3,0.046003151684999466,0.05186474695801735,0.005861595273017883,0.12741725421394973,64
3,3,0,0.046003151684999466,0.05965876206755638,0.013655610382556915,0.29684075725430886,64
3,3,1,0.046003151684999466,0.061742424964904785,0.01573927327990532,0.34213467345315357,64
3,3,2,0.046003151684999466,0.045751843601465225,-0.0002513080835342407,-0.0054628449209214395,64
3,3,3,0.046003151684999466,0.04819971323013306,0.0021965615451335907,0.047748066483064226,64
3,4,0,0.046003151684999466,0.07442674040794373,0.02842358872294426,0.617861769927269,64
3,4,1,0.046003151684999466,0.06422267109155655,0.018219519406557083,0.3960493735498124,64
3,4,2,0.046003151684999466,0.06212857365608215,0.016125421971082687,0.3505286351063263,64
3,4,3,0.046003151684999466,0.09558498114347458,0.04958182945847511,1.0777920129669023,64
3,5,0,0.046003151684999466,0.04910929501056671,0.0031061433255672455,0.06752022876103432,64
3,5,1,0.046003151684999466,0.04778436943888664,0.0017812177538871765,0.03871947222323183,64
3,5,2,0.046003151684999466,0.06092549487948418,0.01492234319448471,0.32437654046703407,64
3,5,3,0.046003151684999466,0.05280621722340584,0.006803065538406372,0.14788259693252295,64
4,0,0,0.06609784066677094,0.06921529769897461,0.0031174570322036743,0.04716427950911466,64
4,0,1,0.06609784066677094,0.06499914824962616,-0.0010986924171447754,-0.01662221346484158,64
4,0,2,0.06609784066677094,0.0670209750533104,0.0009231343865394592,0.013966180698389685,64
4,0,3,0.06609784066677094,0.06645796447992325,0.00036012381315231323,0.005448344598160349,64
4,1,0,0.06609784066677094,0.06589284539222717,-0.0002049952745437622,-0.0031013913990645256,64
4,1,1,0.06609784066677094,0.06684678047895432,0.0007489398121833801,0.011330775780525012,64
4,1,2,0.06609784066677094,0.06869864463806152,0.0026008039712905884,0.03934779026085085,64
4,1,3,0.06609784066677094,0.10485831648111343,0.0387604758143425,0.5864106213267261,64
4,2,0,0.06609784066677094,0.06971096992492676,0.0036131292581558228,0.05466334787420024,64
4,2,1,0.06609784066677094,0.06727048009634018,0.0011726394295692444,0.017740964269367106,64
4,2,2,0.06609784066677094,0.08986564725637436,0.023767806589603424,0.35958522017486294,64
4,2,3,0.06609784066677094,0.06798285245895386,0.0018850117921829224,0.02851850791401189,64
4,3,0,0.06609784066677094,0.07546868920326233,0.009370848536491394,0.14177238532787023,64
4,3,1,0.06609784066677094,0.07008139044046402,0.003983549773693085,0.06026747218136354,64
4,3,2,0.06609784066677094,0.07329399138689041,0.007196150720119476,0.10887119227222036,64
4,3,3,0.06609784066677094,0.0680382177233696,0.0019403770565986633,0.029356133831233974,64
4,4,0,0.06609784066677094,0.10866161435842514,0.042563773691654205,0.6439510468366653,64
4,4,1,0.06609784066677094,0.07799024134874344,0.011892400681972504,0.17992116779952833,64
4,4,2,0.06609784066677094,0.08406054973602295,0.017962709069252014,0.27175939316290804,64
4,4,3,0.06609784066677094,0.10695437341928482,0.040856532752513885,0.618122049672878,64
4,5,0,0.06609784066677094,0.0653892382979393,-0.0007086023688316345,-0.010720507079698693,64
4,5,1,0.06609784066677094,0.06693638861179352,0.000838547945022583,0.012686465042593378,64
4,5,2,0.06609784066677094,0.0658283457159996,-0.0002694949507713318,-0.004077212629772587,64
4,5,3,0.06609784066677094,0.07367964833974838,0.0075818076729774475,0.11470582996933376,64
5,0,0,0.0889604315161705,0.07992406189441681,-0.009036369621753693,-0.10157740320773463,64
5,0,1,0.0889604315161705,0.08433845639228821,-0.004621975123882294,-0.05195540359974753,64
5,0,2,0.0889604315161705,0.08365961164236069,-0.0053008198738098145,-0.05958626530253159,64
5,0,3,0.0889604315161705,0.08315441012382507,-0.0058060213923454285,-0.06526521166013895,64
5,1,0,0.0889604315161705,0.0946563184261322,0.0056958869099617004,0.06402719515656037,64
5,1,1,0.0889604315161705,0.07780507951974869,-0.011155351996421814,-0.12539678378548205,64
5,1,2,0.0889604315161705,0.0936957597732544,0.004735328257083893,0.053229600804824265,64
5,1,3,0.0889604315161705,0.10356565564870834,0.014605224132537842,0.16417663317785106,64
5,2,0,0.0889604315161705,0.11759696155786514,0.02863653004169464,0.3219018787714336,64
5,2,1,0.0889604315161705,0.09085837006568909,0.0018979385495185852,0.021334637401711105,64
5,2,2,0.0889604315161705,0.08974551409482956,0.0007850825786590576,0.00882507610709517,64
5,2,3,0.0889604315161705,0.08629075437784195,-0.0026696771383285522,-0.03000971435051178,64
5,3,0,0.0889604315161705,0.08088849484920502,-0.008071936666965485,-0.09073625801160258,64
5,3,1,0.0889604315161705,0.09140530973672867,0.0024448782205581665,0.027482760356060926,64
5,3,2,0.0889604315161705,0.09746193885803223,0.008501507341861725,0.09556504163562679,64
5,3,3,0.0889604315161705,0.08235887438058853,-0.00660155713558197,-0.07420779129547933,64
5,4,0,0.0889604315161705,0.09793560951948166,0.008975178003311157,0.10088955112115022,64
5,4,1,0.0889604315161705,0.09365805238485336,0.004697620868682861,0.05280573383657835,64
5,4,2,0.0889604315161705,0.09878695756196976,0.009826526045799255,0.11045951417066373,64
5,4,3,0.0889604315161705,0.08184432238340378,-0.007116109132766724,-0.07999184594100382,64
5,5,0,0.0889604315161705,0.08801838755607605,-0.0009420439600944519,-0.010589471566497801,64
5,5,1,0.0889604315161705,0.0978432297706604,0.008882798254489899,0.09985111473717845,64
5,5,2,0.0889604315161705,0.07424619048833847,-0.014714241027832031,-0.16540208693785385,64
5,5,3,0.0889604315161705,0.0972885712981224,0.008328139781951904,0.0936162251005321,64
6,0,0,0.05049470067024231,0.05111601948738098,0.0006213188171386719,0.012304634127527856,64
6,0,1,0.05049470067024231,0.05085994303226471,0.0003652423620223999,0.007233281060529434,64
6,0,2,0.05049470067024231,0.05108832195401192,0.0005936212837696075,0.011756110559690596,64
6,0,3,0.05049470067024231,0.051921624690294266,0.0014269240200519562,0.028258886597670566,64
6,1,0,0.05049470067024231,0.05255909264087677,0.0020643919706344604,0.040883339106714836,64
6,1,1,0.05049470067024231,0.059989094734191895,0.009494394063949585,0.18802753433008906,64
6,1,2,0.05049470067024231,0.053055305033922195,0.002560604363679886,0.05071035830772235,64
6,1,3,0.05049470067024231,0.057988185435533524,0.007493484765291214,0.14840140976533991,64
6,2,0,0.05049470067024231,0.06152624264359474,0.011031541973352432,0.2184693012673923,64
6,2,1,0.05049470067024231,0.05168136954307556,0.001186668872833252,0.023500859635931706,64
6,2,2,0.05049470067024231,0.07538983970880508,0.024895139038562775,0.49302478691077833,64
6,2,3,0.05049470067024231,0.0534212552011013,0.0029265545308589935,0.05795765678289726,64
6,3,0,0.05049470067024231,0.05528891459107399,0.00479421392083168,0.0949448923768366,64
6,3,1,0.05049470067024231,0.05214686691761017,0.0016521662473678589,0.032719596817192324,64
6,3,2,0.05049470067024231,0.05803801491856575,0.0075433142483234406,0.1493882357563811,64
6,3,3,0.05049470067024231,0.05482542887330055,0.004330728203058243,0.08576599416351575,64
6,4,0,0.05049470067024231,0.05107533559203148,0.0005806349217891693,0.011498927888879474,64
6,4,1,0.05049470067024231,0.059361424297094345,0.008866723626852036,0.17559711235008474,64
6,4,2,0.05049470067024231,0.0629195123910904,0.012424811720848083,0.246061696686604,64
6,4,3,0.05049470067024231,0.06173120066523552,0.01123649999499321,0.22252830189352146,64
6,5,0,0.05049470067024231,0.052488263696432114,0.001993563026189804,0.03948063855590248,64
6,5,1,0.05049470067024231,0.055369291454553604,0.0048745907843112946,0.09653668047362972,64
6,5,2,0.05049470067024231,0.0526549406349659,0.002160239964723587,0.04278151837731132,64
6,5,3,0.05049470067024231,0.05419636890292168,0.003701668232679367,0.07330805378528638,64
7,0,0,0.07040540128946304,0.07038206607103348,-2.333521842956543e-05,-0.00033144074178761,64
7,0,1,0.07040540128946304,0.06882721185684204,-0.0015781894326210022,-0.02241574373122393,64
7,0,2,0.07040540128946304,0.07511859387159348,0.004713192582130432,0.06694362216168308,64
7,0,3,0.07040540128946304,0.07003436237573624,-0.00037103891372680664,-0.005270034783212956,64
7,1,0,0.07040540128946304,0.06846672296524048,-0.0019386783242225647,-0.027535931742287696,64
7,1,1,0.07040540128946304,0.07137273997068405,0.0009673386812210083,0.013739552129390984,64
7,1,2,0.07040540128946304,0.07224995642900467,0.001844555139541626,0.026199057256016026,64
7,1,3,0.07040540128946304,0.08862680196762085,0.018221400678157806,0.2588068577719482,64
7,2,0,0.07040540128946304,0.08616653829813004,0.015761137008666992,0.22386261167155594,64
7,2,1,0.07040540128946304,0.07134164869785309,0.0009362474083900452,0.01329794861231573,64
7,2,2,0.07040540128946304,0.0719936415553093,0.0015882402658462524,0.022558500295933853,64
7,2,3,0.07040540128946304,0.06583314388990402,-0.004572257399559021,-0.0649418555359952,64
7,3,0,0.07040540128946304,0.07617389410734177,0.005768492817878723,0.08193253233626707,64
7,3,1,0.07040540128946304,0.07113336026668549,0.0007279589772224426,0.01033953310228558,64
7,3,2,0.07040540128946304,0.07551131397485733,0.005105912685394287,0.0725216047605416,64
7,3,3,0.07040540128946304,0.0724845752120018,0.0020791739225387573,0.02953145475246936,64
7,4,0,0.07040540128946304,0.10969928652048111,0.039293885231018066,0.5581089591252812,64
7,4,1,0.07040540128946304,0.0766131728887558,0.006207771599292755,0.08817180905882636,64
7,4,2,0.07040540128946304,0.09364808350801468,0.023242682218551636,0.3301264078115557,64
7,4,3,0.07040540128946304,0.11775525659322739,0.04734985530376434,0.6725315733720311,64
7,5,0,0.07040540128946304,0.07138221710920334,0.0009768158197402954,0.01387416024674534,64
7,5,1,0.07040540128946304,0.07016114890575409,-0.00024425238370895386,-0.003469227917631935,64
7,5,2,0.07040540128946304,0.07292820513248444,0.002522803843021393,0.035832532686141026,64
7,5,3,0.07040540128946304,0.07666750997304916,0.006262108683586121,0.08894358342978965,64
8,0,0,0.049218907952308655,0.05210840702056885,0.002889499068260193,0.05870709425331635,64
8,0,1,0.049218907952308655,0.05097492039203644,0.0017560124397277832,0.03567759856422695,64
8,0,2,0.049218907952308655,0.049571771174669266,0.00035286322236061096,0.007169261510136581,64
8,0,3,0.049218907952308655,0.049133870750665665,-8.503720164299011e-05,-0.0017277344252265888,64
8,1,0,0.049218907952308655,0.04947394132614136,0.00025503337383270264,0.005181613823586642,64
8,1,1,0.049218907952308655,0.04912436008453369,-9.454786777496338e-05,-0.0019209663868336106,64
8,1,2,0.049218907952308655,0.04963630065321922,0.00041739270091056824,0.008480332422379756,64
8,1,3,0.049218907952308655,0.0639863982796669,0.014767490327358246,0.3000369358330212,64
8,2,0,0.049218907952308655,0.07407183200120926,0.024852924048900604,0.5049466776564251,64
8,2,1,0.049218907952308655,0.0489543117582798,-0.00026459619402885437,-0.005375905419922413,64
8,2,2,0.049218907952308655,0.049204662442207336,-1.424551010131836e-05,-0.0002894316573385235,64
8,2,3,0.049218907952308655,0.05474160611629486,0.005522698163986206,0.11220684069677642,64
8,3,0,0.049218907952308655,0.05427912250161171,0.005060214549303055,0.10281037836319754,64
8,3,1,0.049218907952308655,0.05400140583515167,0.004782497882843018,0.09716789912079962,64
8,3,2,0.049218907952308655,0.05387309566140175,0.004654187709093094,0.09456097062349032,64
8,3,3,0.049218907952308655,0.05280787870287895,0.0035889707505702972,0.07291853679433444,64
8,4,0,0.049218907952308655,0.05685974285006523,0.0076408348977565765,0.15524186162368794,64
8,4,1,0.049218907952308655,0.04759068414568901,-0.0016282238066196442,-0.03308126641420515,64
8,4,2,0.049218907952308655,0.07092034071683884,0.021701432764530182,0.44091658403142897,64
8,4,3,0.049218907952308655,0.05946914851665497,0.010250240564346313,0.20825818756625336,64
8,5,0,0.049218907952308655,0.050422996282577515,0.0012040883302688599,0.02446393835903702,64
8,5,1,0.049218907952308655,0.05247583985328674,0.0032569319009780884,0.06617237229374869,64
8,5,2,0.049218907952308655,0.06190416216850281,0.012685254216194153,0.2577313220404641,64
8,5,3,0.049218907952308655,0.05238606408238411,0.0031671561300754547,0.06434836248459569,64
9,0,0,0.048608213663101196,0.05635674670338631,0.0077485330402851105,0.15940789541928102,64
9,0,1,0.048608213663101196,0.04815554618835449,-0.0004526674747467041,-0.009312571695697065,64
9,0,2,0.048608213663101196,0.05221040919423103,0.003602195531129837,0.07410672517246154,64
9,0,3,0.048608213663101196,0.047313109040260315,-0.0012951046228408813,-0.026643740331427974,64
9,1,0,0.048608213663101196,0.04796651005744934,-0.0006417036056518555,-0.013201546760928908,64
9,1,1,0.048608213663101196,0.04885370656847954,0.0002454929053783417,0.005050440797408823,64
9,1,2,0.048608213663101196,0.04925037920475006,0.0006421655416488647,0.01321105001073359,64
9,1,3,0.048608213663101196,0.09907308965921402,0.050464875996112823,1.038196473230672,64
9,2,0,0.048608213663101196,0.08117875456809998,0.03257054090499878,0.6700624945831577,64
9,2,1,0.048608213663101196,0.052545469254255295,0.0039372555911540985,0.08099980012353128,64
9,2,2,0.048608213663101196,0.05754741653800011,0.00893920287489891,0.18390313490373775,64
9,2,3,0.048608213663101196,0.05141419172286987,0.0028059780597686768,0.05772641799097806,64
9,3,0,0.048608213663101196,0.05497211217880249,0.006363898515701294,0.13092228732530542,64
9,3,1,0.048608213663101196,0.05260719731450081,0.003998983651399612,0.08226971019823748,64
9,3,2,0.048608213663101196,0.05385908856987953,0.005250874906778336,0.10802443683825978,64
9,3,3,0.048608213663101196,0.04725894704461098,-0.0013492666184902191,-0.02775799637102686,64
9,4,0,0.048608213663101196,0.051725756376981735,0.003117542713880539,0.06413613006690162,64
9,4,1,0.048608213663101196,0.07157280296087265,0.022964589297771454,0.4724425681730324,64
9,4,2,0.048608213663101196,0.061398740857839584,0.012790527194738388,0.26313510064626433,64
9,4,3,0.048608213663101196,0.07068758457899094,0.02207937091588974,0.4542312759828099,64
9,5,0,0.048608213663101196,0.050929684191942215,0.0023214705288410187,0.04775881181075994,64
9,5,1,0.048608213663101196,0.05366175249218941,0.005053538829088211,0.10396470983298899,64
9,5,2,0.048608213663101196,0.0541827417910099,0.005574528127908707,0.11468284283044294,64
9,5,3,0.048608213663101196,0.0496208555996418,0.0010126419365406036,0.020832732993199335,64
