run_name,run_id,run_dir,checkpoint,train_step,T,K,N,d,D,noise_std,config_valid,checkpoint_readable,error,condition
T2_K2_N30,6da52fd4-9da5-4c3c-9fa9-2fa34fe88835,T2_K2_N30/6da52fd4-9da5-4c3c-9fa9-2fa34fe88835,T2_K2_N30/6da52fd4-9da5-4c3c-9fa9-2fa34fe88835/state.pt,20000,2,2,30,4,14,0.0,True,True,,T2_K2_N30_noiseless
T2_K2_N50_noiseless,3b0c6665-20bc-4520-9dc5-cb15a03e0b48,T2_K2_N50_noiseless/3b0c6665-20bc-4520-9dc5-cb15a03e0b48,T2_K2_N50_noiseless/3b0c6665-20bc-4520-9dc5-cb15a03e0b48/state.pt,20000,2,2,50,4,14,0.0,True,True,,T2_K2_N50_noiseless
T2_K2_N50_noiseless_500k,cf12fd18-ff9b-4229-9108-0e5733c8bcd5,T2_K2_N50_noiseless_500k/cf12fd18-ff9b-4229-9108-0e5733c8bcd5,T2_K2_N50_noiseless_500k/cf12fd18-ff9b-4229-9108-0e5733c8bcd5/state.pt,417798,2,2,50,4,14,0.0,True,True,,T2_K2_N50_noiseless
T2_K2_N50_noisy,851f38b7-1b3a-44cd-ab53-e96f37490483,T2_K2_N50_noisy/851f38b7-1b3a-44cd-ab53-e96f37490483,T2_K2_N50_noisy/851f38b7-1b3a-44cd-ab53-e96f37490483/state.pt,20000,2,2,50,4,14,0.2,True,True,,T2_K2_N50_noisy
T2_K2_N50_noisy_500k,1ca5aca6-331a-48b7-aeb6-7718491bb39b,T2_K2_N50_noisy_500k/1ca5aca6-331a-48b7-aeb6-7718491bb39b,T2_K2_N50_noisy_500k/1ca5aca6-331a-48b7-aeb6-7718491bb39b/state.pt,500000,2,2,50,4,14,0.2,True,True,,T2_K2_N50_noisy
T2_K3_N50_noiseless,3598797f-3fa0-4540-9fc5-6a3e1aa1aa36,T2_K3_N50_noiseless/3598797f-3fa0-4540-9fc5-6a3e1aa1aa36,T2_K3_N50_noiseless/3598797f-3fa0-4540-9fc5-6a3e1aa1aa36/state.pt,20000,2,3,50,4,14,0.0,True,True,,T2_K3_N50_noiseless
T2_K3_N50_noiseless_500k,2b3a45bf-8604-41df-899a-faeac6cf5d30,T2_K3_N50_noiseless_500k/2b3a45bf-8604-41df-899a-faeac6cf5d30,T2_K3_N50_noiseless_500k/2b3a45bf-8604-41df-899a-faeac6cf5d30/state.pt,462707,2,3,50,4,14,0.0,True,True,,T2_K3_N50_noiseless
T2_K3_N50_noisy,1e393845-5e38-43a1-9197-1eba30ab244c,T2_K3_N50_noisy/1e393845-5e38-43a1-9197-1eba30ab244c,T2_K3_N50_noisy/1e393845-5e38-43a1-9197-1eba30ab244c/state.pt,20000,2,3,50,4,14,0.2,True,True,,T2_K3_N50_noisy
T2_K3_N50_noisy_500k,57376b34-ab5e-4c2a-8511-1e3a5713584d,T2_K3_N50_noisy_500k/57376b34-ab5e-4c2a-8511-1e3a5713584d,T2_K3_N50_noisy_500k/57376b34-ab5e-4c2a-8511-1e3a5713584d/state.pt,500000,2,3,50,4,14,0.2,True,True,,T2_K3_N50_noisy
T3_K2_N50_noiseless,511c927b-c92d-4ceb-9ea5-9d5c0f7b9943,T3_K2_N50_noiseless/511c927b-c92d-4ceb-9ea5-9d5c0f7b9943,T3_K2_N50_noiseless/511c927b-c92d-4ceb-9ea5-9d5c0f7b9943/state.pt,20000,3,2,50,4,19,0.0,True,True,,T3_K2_N50_noiseless
T3_K2_N50_noiseless_500k,d6157328-4931-4096-9b26-f4e8124629b8,T3_K2_N50_noiseless_500k/d6157328-4931-4096-9b26-f4e8124629b8,T3_K2_N50_noiseless_500k/d6157328-4931-4096-9b26-f4e8124629b8/state.pt,500000,3,2,50,4,19,0.0,True,True,,T3_K2_N50_noiseless
T3_K2_N50_noisy,c3697509-789f-4179-bfab-fab016514234,T3_K2_N50_noisy/c3697509-789f-4179-bfab-fab016514234,T3_K2_N50_noisy/c3697509-789f-4179-bfab-fab016514234/state.pt,20000,3,2,50,4,19,0.2,True,True,,T3_K2_N50_noisy
T3_K2_N50_noisy_500k,88f7ba1f-b831-4c58-818e-b589172895c7,T3_K2_N50_noisy_500k/88f7ba1f-b831-4c58-818e-b589172895c7,T3_K2_N50_noisy_500k/88f7ba1f-b831-4c58-818e-b589172895c7/state.pt,500000,3,2,50,4,19,0.2,True,True,,T3_K2_N50_noisy
T3_K3_N50_noiseless,36912b0f-a21b-4f6b-b07a-221d1372298c,T3_K3_N50_noiseless/36912b0f-a21b-4f6b-b07a-221d1372298c,T3_K3_N50_noiseless/36912b0f-a21b-4f6b-b07a-221d1372298c/state.pt,20000,3,3,50,4,19,0.0,True,True,,T3_K3_N50_noiseless
T3_K3_N50_noiseless_500k,73a62dc5-ea22-48b8-a22f-84884b27130e,T3_K3_N50_noiseless_500k/73a62dc5-ea22-48b8-a22f-84884b27130e,T3_K3_N50_noiseless_500k/73a62dc5-ea22-48b8-a22f-84884b27130e/state.pt,500000,3,3,50,4,19,0.0,True,True,,T3_K3_N50_noiseless
T3_K3_N50_noisy,70e96ddb-208c-4d50-958e-49343aa9ea7f,T3_K3_N50_noisy/70e96ddb-208c-4d50-958e-49343aa9ea7f,T3_K3_N50_noisy/70e96ddb-208c-4d50-958e-49343aa9ea7f/state.pt,20000,3,3,50,4,19,0.2,True,True,,T3_K3_N50_noisy
T3_K3_N50_noisy_500k,e8d9e755-28c9-479e-9249-4a944bc1e055,T3_K3_N50_noisy_500k/e8d9e755-28c9-479e-9249-4a944bc1e055,T3_K3_N50_noisy_500k/e8d9e755-28c9-479e-9249-4a944bc1e055/state.pt,500000,3,3,50,4,19,0.2,True,True,,T3_K3_N50_noisy
T4_K2_N50_noiseless,494d6ee2-061e-4142-9476-911c7d7bd3de,T4_K2_N50_noiseless/494d6ee2-061e-4142-9476-911c7d7bd3de,T4_K2_N50_noiseless/494d6ee2-061e-4142-9476-911c7d7bd3de/state.pt,20000,4,2,50,4,24,0.0,True,True,,T4_K2_N50_noiseless
T4_K2_N50_noiseless_500k,460141ed-c8c5-43fa-a44e-f88de81fb229,T4_K2_N50_noiseless_500k/460141ed-c8c5-43fa-a44e-f88de81fb229,T4_K2_N50_noiseless_500k/460141ed-c8c5-43fa-a44e-f88de81fb229/state.pt,500000,4,2,50,4,24,0.0,True,True,,T4_K2_N50_noiseless
T4_K2_N50_noisy,8cb52a68-988d-4c74-a4b1-74d33e96c5e6,T4_K2_N50_noisy/8cb52a68-988d-4c74-a4b1-74d33e96c5e6,T4_K2_N50_noisy/8cb52a68-988d-4c74-a4b1-74d33e96c5e6/state.pt,20000,4,2,50,4,24,0.2,True,True,,T4_K2_N50_noisy
T4_K2_N50_noisy_500k,960fc160-3d2a-48e7-b609-a2a82134760d,T4_K2_N50_noisy_500k/960fc160-3d2a-48e7-b609-a2a82134760d,T4_K2_N50_noisy_500k/960fc160-3d2a-48e7-b609-a2a82134760d/state.pt,500000,4,2,50,4,24,0.2,True,True,,T4_K2_N50_noisy
T4_K3_N50_noiseless,d5b052a6-fdca-4336-b80a-ef6994e50d7f,T4_K3_N50_noiseless/d5b052a6-fdca-4336-b80a-ef6994e50d7f,T4_K3_N50_noiseless/d5b052a6-fdca-4336-b80a-ef6994e50d7f/state.pt,20000,4,3,50,4,24,0.0,True,True,,T4_K3_N50_noiseless
T4_K3_N50_noiseless_500k,5ee5e69b-8435-41a3-a8ed-15b515ec7588,T4_K3_N50_noiseless_500k/5ee5e69b-8435-41a3-a8ed-15b515ec7588,T4_K3_N50_noiseless_500k/5ee5e69b-8435-41a3-a8ed-15b515ec7588/state.pt,500000,4,3,50,4,24,0.0,True,True,,T4_K3_N50_noiseless
T4_K3_N50_noisy,f59249b4-5734-4938-97e6-50ba1d5c7e99,T4_K3_N50_noisy/f59249b4-5734-4938-97e6-50ba1d5c7e99,T4_K3_N50_noisy/f59249b4-5734-4938-97e6-50ba1d5c7e99/state.pt,20000,4,3,50,4,24,0.2,True,True,,T4_K3_N50_noisy
T4_K3_N50_noisy_500k,45bb16f8-3a70-4a81-bc1e-6a937a9ecba0,T4_K3_N50_noisy_500k/45bb16f8-3a70-4a81-bc1e-6a937a9ecba0,T4_K3_N50_noisy_500k/45bb16f8-3a70-4a81-bc1e-6a937a9ecba0/state.pt,500000,4,3,50,4,24,0.2,True,True,,T4_K3_N50_noisy
T5_K2_N50,2e3a4115-f358-4a00-a5ae-c5245fb45dfa,T5_K2_N50/2e3a4115-f358-4a00-a5ae-c5245fb45dfa,T5_K2_N50/2e3a4115-f358-4a00-a5ae-c5245fb45dfa/state.pt,20000,5,2,50,4,29,0.0,True,True,,T5_K2_N50_noiseless
T5_K2_N50_noiseless_500k,a853123c-050c-4381-99dc-b62b1f14ca70,T5_K2_N50_noiseless_500k/a853123c-050c-4381-99dc-b62b1f14ca70,T5_K2_N50_noiseless_500k/a853123c-050c-4381-99dc-b62b1f14ca70/state.pt,421086,5,2,50,4,29,0.0,True,True,,T5_K2_N50_noiseless
T5_K2_N50_noisy,c9c9a415-0dda-48c6-9294-4e75348d24a1,T5_K2_N50_noisy/c9c9a415-0dda-48c6-9294-4e75348d24a1,T5_K2_N50_noisy/c9c9a415-0dda-48c6-9294-4e75348d24a1/state.pt,20000,5,2,50,4,29,0.2,True,True,,T5_K2_N50_noisy
T5_K2_N50_noisy_500k,ad58ca77-6a59-4511-b354-f4a6114800c4,T5_K2_N50_noisy_500k/ad58ca77-6a59-4511-b354-f4a6114800c4,T5_K2_N50_noisy_500k/ad58ca77-6a59-4511-b354-f4a6114800c4/state.pt,500000,5,2,50,4,29,0.2,True,True,,T5_K2_N50_noisy
T5_K2_N50_noisy_50k,c492ac4a-8a4f-4ec0-89bd-803f7e62aaa3,T5_K2_N50_noisy_50k/c492ac4a-8a4f-4ec0-89bd-803f7e62aaa3,T5_K2_N50_noisy_50k/c492ac4a-8a4f-4ec0-89bd-803f7e62aaa3/state.pt,50000,5,2,50,4,29,0.2,True,True,,T5_K2_N50_noisy
T5_K3_N50_noiseless,ce9c11b8-caa2-480b-ac02-055581868aa3,T5_K3_N50_noiseless/ce9c11b8-caa2-480b-ac02-055581868aa3,T5_K3_N50_noiseless/ce9c11b8-caa2-480b-ac02-055581868aa3/state.pt,20000,5,3,50,4,29,0.0,True,True,,T5_K3_N50_noiseless
T5_K3_N50_noiseless_500k,2fd5054f-db81-4d29-9004-d86677d72587,T5_K3_N50_noiseless_500k/2fd5054f-db81-4d29-9004-d86677d72587,T5_K3_N50_noiseless_500k/2fd5054f-db81-4d29-9004-d86677d72587/state.pt,381611,5,3,50,4,29,0.0,True,True,,T5_K3_N50_noiseless
T5_K3_N50_noisy,98e76b48-9a06-445f-a503-4876b2dc1403,T5_K3_N50_noisy/98e76b48-9a06-445f-a503-4876b2dc1403,T5_K3_N50_noisy/98e76b48-9a06-445f-a503-4876b2dc1403/state.pt,20000,5,3,50,4,29,0.2,True,True,,T5_K3_N50_noisy
T5_K3_N50_noisy_500k,62d3ef10-88de-41a5-a11b-2e1c18b1edfc,T5_K3_N50_noisy_500k/62d3ef10-88de-41a5-a11b-2e1c18b1edfc,T5_K3_N50_noisy_500k/62d3ef10-88de-41a5-a11b-2e1c18b1edfc/state.pt,361887,5,3,50,4,29,0.2,True,True,,T5_K3_N50_noisy
