T,pool_index,layer,position,score,num_prompts
2,0,0,5,-0.029656823724508286,128
2,0,0,10,-0.046305716037750244,128
2,0,0,20,-0.04945492744445801,128
2,0,0,30,0.0043189264833927155,128
2,0,0,40,-0.074220210313797,128
2,0,0,49,-0.09592466056346893,128
2,0,1,5,-0.13428114354610443,128
2,0,1,10,-0.16626931726932526,128
2,0,1,20,-0.03336820751428604,128
2,0,1,30,-0.01193671952933073,128
2,0,1,40,-0.10765098035335541,128
2,0,1,49,-0.0648999735713005,128
2,0,2,5,-0.19645850360393524,128
2,0,2,10,-0.12080763280391693,128
2,0,2,20,-0.0786135196685791,128
2,0,2,30,-0.0753972977399826,128
2,0,2,40,-0.15799982845783234,128
2,0,2,49,-0.07403434813022614,128
2,0,3,5,-0.06802520155906677,128
2,0,3,10,0.019042979925870895,128
2,0,3,20,0.17433908581733704,128
2,0,3,30,0.3481789827346802,128
2,0,3,40,0.2541094124317169,128
2,0,3,49,0.24560123682022095,128
2,0,4,5,-0.037947654724121094,128
2,0,4,10,0.12168721109628677,128
2,0,4,20,0.2748269736766815,128
2,0,4,30,0.3953129053115845,128
2,0,4,40,0.33327221870422363,128
2,0,4,49,0.34668582677841187,128
2,0,5,5,0.05419021099805832,128
2,0,5,10,0.09647849202156067,128
2,0,5,20,0.3219689726829529,128
2,0,5,30,0.5539771318435669,128
2,0,5,40,0.3197926878929138,128
2,0,5,49,0.42661914229393005,128
2,0,6,5,0.042597610503435135,128
2,0,6,10,0.008103267289698124,128
2,0,6,20,0.28773173689842224,128
2,0,6,30,0.49507951736450195,128
2,0,6,40,0.3309372365474701,128
2,0,6,49,0.4280889928340912,128
2,1,0,5,-0.09110170602798462,128
2,1,0,10,-0.00929221697151661,128
2,1,0,20,-0.10768618434667587,128
2,1,0,30,-0.0641598254442215,128
2,1,0,40,-0.08587486296892166,128
2,1,0,49,-0.07493270933628082,128
2,1,1,5,0.09318706393241882,128
2,1,1,10,0.31635376811027527,128
2,1,1,20,0.1717689484357834,128
2,1,1,30,0.30844351649284363,128
2,1,1,40,0.17668895423412323,128
2,1,1,49,0.18240968883037567,128
2,1,2,5,0.2736716866493225,128
2,1,2,10,0.44730961322784424,128
2,1,2,20,0.4041571617126465,128
2,1,2,30,0.47151023149490356,128
2,1,2,40,0.35635143518447876,128
2,1,2,49,0.3613016605377197,128
2,1,3,5,0.6553035974502563,128
2,1,3,10,0.657325804233551,128
2,1,3,20,0.7045188546180725,128
2,1,3,30,0.7123012542724609,128
2,1,3,40,0.6725574731826782,128
2,1,3,49,0.7175995111465454,128
2,1,4,5,0.7447275519371033,128
2,1,4,10,0.7005402445793152,128
2,1,4,20,0.7842349410057068,128
2,1,4,30,0.8388888835906982,128
2,1,4,40,0.7689699530601501,128
2,1,4,49,0.811985969543457,128
2,1,5,5,0.7683693766593933,128
2,1,5,10,0.801023006439209,128
2,1,5,20,0.9276150465011597,128
2,1,5,30,0.8941367268562317,128
2,1,5,40,0.8051273822784424,128
2,1,5,49,0.8858823776245117,128
2,1,6,5,0.7059544324874878,128
2,1,6,10,0.7678558230400085,128
2,1,6,20,0.86617511510849,128
2,1,6,30,0.8575726747512817,128
2,1,6,40,0.7927258610725403,128
2,1,6,49,0.8622512817382812,128
2,2,0,5,-0.12182528525590897,128
2,2,0,10,-0.011599736288189888,128
2,2,0,20,-0.02814844250679016,128
2,2,0,30,-0.0858914852142334,128
2,2,0,40,-0.04865457862615585,128
2,2,0,49,0.03507111594080925,128
2,2,1,5,-0.099946029484272,128
2,2,1,10,-0.004145491402596235,128
2,2,1,20,0.16525506973266602,128
2,2,1,30,-0.022437632083892822,128
2,2,1,40,0.11883456259965897,128
2,2,1,49,0.1590108424425125,128
2,2,2,5,-0.15544255077838898,128
2,2,2,10,-0.05406314134597778,128
2,2,2,20,0.258696049451828,128
2,2,2,30,0.09149893373250961,128
2,2,2,40,0.29412034153938293,128
2,2,2,49,0.21599631011486053,128
2,2,3,5,0.4402084946632385,128
2,2,3,10,0.43422189354896545,128
2,2,3,20,0.5859506130218506,128
2,2,3,30,0.5454592108726501,128
2,2,3,40,0.6146693825721741,128
2,2,3,49,0.6157470345497131,128
2,2,4,5,0.4705410599708557,128
2,2,4,10,0.516653835773468,128
2,2,4,20,0.651409924030304,128
2,2,4,30,0.6818537712097168,128
2,2,4,40,0.7132703065872192,128
2,2,4,49,0.7114024758338928,128
2,2,5,5,0.44524258375167847,128
2,2,5,10,0.5333558917045593,128
2,2,5,20,0.7452542781829834,128
2,2,5,30,0.7814829349517822,128
2,2,5,40,0.8054104447364807,128
2,2,5,49,0.7776951789855957,128
2,2,6,5,0.3918476402759552,128
2,2,6,10,0.4547291398048401,128
2,2,6,20,0.6958802938461304,128
2,2,6,30,0.733573317527771,128
2,2,6,40,0.7742396593093872,128
2,2,6,49,0.7481982111930847,128
2,3,0,5,-0.05473899096250534,128
2,3,0,10,7.348798681050539e-05,128
2,3,0,20,-0.0733511820435524,128
2,3,0,30,-0.07914169132709503,128
2,3,0,40,-0.03896816447377205,128
2,3,0,49,-0.06135016307234764,128
2,3,1,5,0.2688693404197693,128
2,3,1,10,0.16406755149364471,128
2,3,1,20,0.267002135515213,128
2,3,1,30,0.33040547370910645,128
2,3,1,40,0.28538778424263,128
2,3,1,49,0.2193523794412613,128
2,3,2,5,0.20008423924446106,128
2,3,2,10,0.2082832157611847,128
2,3,2,20,0.3571154773235321,128
2,3,2,30,0.30684566497802734,128
2,3,2,40,0.32928788661956787,128
2,3,2,49,0.24937382340431213,128
2,3,3,5,0.6319947838783264,128
2,3,3,10,0.6815260052680969,128
2,3,3,20,0.7023033499717712,128
2,3,3,30,0.7059526443481445,128
2,3,3,40,0.7404960989952087,128
2,3,3,49,0.634300947189331,128
2,3,4,5,0.7507947087287903,128
2,3,4,10,0.747969388961792,128
2,3,4,20,0.7777498364448547,128
2,3,4,30,0.8029171824455261,128
2,3,4,40,0.821506917476654,128
2,3,4,49,0.7962236404418945,128
2,3,5,5,0.8356826305389404,128
2,3,5,10,0.8935708403587341,128
2,3,5,20,0.8735033273696899,128
2,3,5,30,0.9100126028060913,128
2,3,5,40,0.9180858135223389,128
2,3,5,49,0.9224457144737244,128
2,3,6,5,0.780353307723999,128
2,3,6,10,0.8363392949104309,128
2,3,6,20,0.8499189019203186,128
2,3,6,30,0.8945509791374207,128
2,3,6,40,0.8975285291671753,128
2,3,6,49,0.8803907036781311,128
2,4,0,5,-0.05495007708668709,128
2,4,0,10,-0.03225281089544296,128
2,4,0,20,-0.047493286430835724,128
2,4,0,30,-0.03179058060050011,128
2,4,0,40,-0.057586055248975754,128
2,4,0,49,-0.04622505232691765,128
2,4,1,5,0.24265947937965393,128
2,4,1,10,0.27290260791778564,128
2,4,1,20,0.26344919204711914,128
2,4,1,30,0.31826844811439514,128
2,4,1,40,0.370235413312912,128
2,4,1,49,0.24040775001049042,128
2,4,2,5,0.26418185234069824,128
2,4,2,10,0.32984232902526855,128
2,4,2,20,0.3306843340396881,128
2,4,2,30,0.4370560348033905,128
2,4,2,40,0.47539302706718445,128
2,4,2,49,0.4189142882823944,128
2,4,3,5,0.6233227849006653,128
2,4,3,10,0.5604636073112488,128
2,4,3,20,0.6067493557929993,128
2,4,3,30,0.6799028515815735,128
2,4,3,40,0.7095628380775452,128
2,4,3,49,0.6862661242485046,128
2,4,4,5,0.65121990442276,128
2,4,4,10,0.7162563800811768,128
2,4,4,20,0.7005073428153992,128
2,4,4,30,0.7802830934524536,128
2,4,4,40,0.8237331509590149,128
2,4,4,49,0.7942926287651062,128
2,4,5,5,0.7593775391578674,128
2,4,5,10,0.865700364112854,128
2,4,5,20,0.8369173407554626,128
2,4,5,30,0.8557851314544678,128
2,4,5,40,0.8813782930374146,128
2,4,5,49,0.8749334812164307,128
2,4,6,5,0.7037212252616882,128
2,4,6,10,0.8007283806800842,128
2,4,6,20,0.7997980117797852,128
2,4,6,30,0.8407083749771118,128
2,4,6,40,0.8677733540534973,128
2,4,6,49,0.8777165412902832,128
2,5,0,5,0.0020954320207238197,128
2,5,0,10,-0.0603187270462513,128
2,5,0,20,-0.02417895756661892,128
2,5,0,30,-0.014990868978202343,128
2,5,0,40,0.037005554884672165,128
2,5,0,49,-0.11215172708034515,128
2,5,1,5,-0.0583302266895771,128
2,5,1,10,0.025560183450579643,128
2,5,1,20,0.028834067285060883,128
2,5,1,30,0.037922490388154984,128
2,5,1,40,0.10554458945989609,128
2,5,1,49,-0.010866247117519379,128
2,5,2,5,-0.21960708498954773,128
2,5,2,10,0.11611361056566238,128
2,5,2,20,0.06525996327400208,128
2,5,2,30,0.06206253170967102,128
2,5,2,40,0.20757165551185608,128
2,5,2,49,0.047589678317308426,128
2,5,3,5,0.4683188796043396,128
2,5,3,10,0.4613242447376251,128
2,5,3,20,0.543497622013092,128
2,5,3,30,0.5914854407310486,128
2,5,3,40,0.5706372261047363,128
2,5,3,49,0.5754836797714233,128
2,5,4,5,0.5257087349891663,128
2,5,4,10,0.5500434041023254,128
2,5,4,20,0.6098564267158508,128
2,5,4,30,0.658806562423706,128
2,5,4,40,0.6863461136817932,128
2,5,4,49,0.7371264696121216,128
2,5,5,5,0.5488196015357971,128
2,5,5,10,0.5799111127853394,128
2,5,5,20,0.683613657951355,128
2,5,5,30,0.6956148147583008,128
2,5,5,40,0.7925587892532349,128
2,5,5,49,0.8714070916175842,128
2,5,6,5,0.4719018042087555,128
2,5,6,10,0.5027226209640503,128
2,5,6,20,0.6848491430282593,128
2,5,6,30,0.6608623266220093,128
2,5,6,40,0.8123495578765869,128
2,5,6,49,0.8186960220336914,128
2,6,0,5,-0.027143776416778564,128
2,6,0,10,-0.044873978942632675,128
2,6,0,20,-0.04258478432893753,128
2,6,0,30,-0.05075087398290634,128
2,6,0,40,-0.018250053748488426,128
2,6,0,49,-0.014348084107041359,128
2,6,1,5,0.24943949282169342,128
2,6,1,10,0.3131200075149536,128
2,6,1,20,0.2657150626182556,128
2,6,1,30,0.2854296863079071,128
2,6,1,40,0.32591840624809265,128
2,6,1,49,0.4116290509700775,128
2,6,2,5,0.38680896162986755,128
2,6,2,10,0.3447214663028717,128
2,6,2,20,0.41159212589263916,128
2,6,2,30,0.3658299446105957,128
2,6,2,40,0.4033966660499573,128
2,6,2,49,0.39705905318260193,128
2,6,3,5,0.6907059550285339,128
2,6,3,10,0.6801347732543945,128
2,6,3,20,0.6893110275268555,128
2,6,3,30,0.6996428966522217,128
2,6,3,40,0.7217355966567993,128
2,6,3,49,0.7669296264648438,128
2,6,4,5,0.7110609412193298,128
2,6,4,10,0.7973431944847107,128
2,6,4,20,0.7439320087432861,128
2,6,4,30,0.811592698097229,128
2,6,4,40,0.7958697080612183,128
2,6,4,49,0.8756614923477173,128
2,6,5,5,0.8067911863327026,128
2,6,5,10,0.8898392915725708,128
2,6,5,20,0.8766063451766968,128
2,6,5,30,0.9152093529701233,128
2,6,5,40,0.916922390460968,128
2,6,5,49,0.9685713648796082,128
2,6,6,5,0.7731987237930298,128
2,6,6,10,0.8177980184555054,128
2,6,6,20,0.8021302819252014,128
2,6,6,30,0.8731991052627563,128
2,6,6,40,0.8782106041908264,128
2,6,6,49,0.939973771572113,128
2,7,0,5,-0.0094254519790411,128
2,7,0,10,-0.07088744640350342,128
2,7,0,20,-0.059087179601192474,128
2,7,0,30,-0.010752170346677303,128
2,7,0,40,-0.06559857726097107,128
2,7,0,49,-0.015190399251878262,128
2,7,1,5,-0.16409271955490112,128
2,7,1,10,-0.08925963938236237,128
2,7,1,20,-0.03469102457165718,128
2,7,1,30,0.08595884591341019,128
2,7,1,40,0.004417504649609327,128
2,7,1,49,0.05087314546108246,128
2,7,2,5,-0.2822415232658386,128
2,7,2,10,-0.13525015115737915,128
2,7,2,20,0.006221706047654152,128
2,7,2,30,0.039618708193302155,128
2,7,2,40,0.0605153851211071,128
2,7,2,49,-0.033016838133335114,128
2,7,3,5,0.15426790714263916,128
2,7,3,10,0.3419000208377838,128
2,7,3,20,0.37761855125427246,128
2,7,3,30,0.4193766713142395,128
2,7,3,40,0.4890211522579193,128
2,7,3,49,0.45880502462387085,128
2,7,4,5,0.2927062213420868,128
2,7,4,10,0.5168716907501221,128
2,7,4,20,0.4993373155593872,128
2,7,4,30,0.5807176232337952,128
2,7,4,40,0.5490545630455017,128
2,7,4,49,0.5950047969818115,128
2,7,5,5,0.2880045473575592,128
2,7,5,10,0.48356446623802185,128
2,7,5,20,0.560431957244873,128
2,7,5,30,0.6102721095085144,128
2,7,5,40,0.6550893187522888,128
2,7,5,49,0.624877393245697,128
2,7,6,5,0.2007756382226944,128
2,7,6,10,0.367906391620636,128
2,7,6,20,0.5647701025009155,128
2,7,6,30,0.6250027418136597,128
2,7,6,40,0.6549087166786194,128
2,7,6,49,0.616600751876831,128
2,8,0,5,-0.06704680621623993,128
2,8,0,10,-0.07579752057790756,128
2,8,0,20,-0.06190888583660126,128
2,8,0,30,-0.015412449836730957,128
2,8,0,40,-0.008922835811972618,128
2,8,0,49,-0.0529695488512516,128
2,8,1,5,0.1853424310684204,128
2,8,1,10,0.07135989516973495,128
2,8,1,20,0.17492175102233887,128
2,8,1,30,0.24804602563381195,128
2,8,1,40,0.23252955079078674,128
2,8,1,49,0.17279265820980072,128
2,8,2,5,0.20848645269870758,128
2,8,2,10,0.2135431468486786,128
2,8,2,20,0.21677520871162415,128
2,8,2,30,0.426119327545166,128
2,8,2,40,0.32368233799934387,128
2,8,2,49,0.2502284049987793,128
2,8,3,5,0.5506595373153687,128
2,8,3,10,0.5367507338523865,128
2,8,3,20,0.5381351709365845,128
2,8,3,30,0.7418726086616516,128
2,8,3,40,0.7362248301506042,128
2,8,3,49,0.6126766204833984,128
2,8,4,5,0.6924896836280823,128
2,8,4,10,0.6346977353096008,128
2,8,4,20,0.7000705599784851,128
2,8,4,30,0.817510187625885,128
2,8,4,40,0.8414299488067627,128
2,8,4,49,0.7660956978797913,128
2,8,5,5,0.6403564810752869,128
2,8,5,10,0.6735040545463562,128
2,8,5,20,0.7810872197151184,128
2,8,5,30,0.8494125604629517,128
2,8,5,40,0.9212784171104431,128
2,8,5,49,0.8702147006988525,128
2,8,6,5,0.5578425526618958,128
2,8,6,10,0.61543208360672,128
2,8,6,20,0.7335160970687866,128
2,8,6,30,0.8258378505706787,128
2,8,6,40,0.9007970094680786,128
2,8,6,49,0.8439236283302307,128
2,9,0,5,-0.04979564994573593,128
2,9,0,10,-0.03377208858728409,128
2,9,0,20,-0.09458862245082855,128
2,9,0,30,-0.047038353979587555,128
2,9,0,40,-0.039327699691057205,128
2,9,0,49,-0.07993611693382263,128
2,9,1,5,0.12643727660179138,128
2,9,1,10,0.2505847215652466,128
2,9,1,20,0.26263147592544556,128
2,9,1,30,0.25120991468429565,128
2,9,1,40,0.3045715391635895,128
2,9,1,49,0.24227449297904968,128
2,9,2,5,0.0185402724891901,128
2,9,2,10,0.27698951959609985,128
2,9,2,20,0.3250458538532257,128
2,9,2,30,0.21990066766738892,128
2,9,2,40,0.3665076494216919,128
2,9,2,49,0.24789747595787048,128
2,9,3,5,0.5683250427246094,128
2,9,3,10,0.663520097732544,128
2,9,3,20,0.6393181681632996,128
2,9,3,30,0.653143584728241,128
2,9,3,40,0.700742781162262,128
2,9,3,49,0.6940990090370178,128
2,9,4,5,0.732197105884552,128
2,9,4,10,0.7610316276550293,128
2,9,4,20,0.7953192591667175,128
2,9,4,30,0.7765856385231018,128
2,9,4,40,0.8464895486831665,128
2,9,4,49,0.8353180885314941,128
2,9,5,5,0.7931967377662659,128
2,9,5,10,0.8297457098960876,128
2,9,5,20,0.8594260811805725,128
2,9,5,30,0.8819770812988281,128
2,9,5,40,0.9398358464241028,128
2,9,5,49,0.9222535490989685,128
2,9,6,5,0.7342107892036438,128
2,9,6,10,0.7818893194198608,128
2,9,6,20,0.8407023549079895,128
2,9,6,30,0.856028139591217,128
2,9,6,40,0.892116904258728,128
2,9,6,49,0.8827491402626038,128
3,0,0,5,-0.04179775342345238,128
3,0,0,10,-0.052379295229911804,128
3,0,0,20,-0.04302133247256279,128
3,0,0,30,-0.13671480119228363,128
3,0,0,40,-0.09882774949073792,128
3,0,0,49,-0.1488197147846222,128
3,0,1,5,0.23886987566947937,128
3,0,1,10,0.13422521948814392,128
3,0,1,20,0.06949645280838013,128
3,0,1,30,0.21879051625728607,128
3,0,1,40,0.029803933575749397,128
3,0,1,49,0.10618596524000168,128
3,0,2,5,0.2880566716194153,128
3,0,2,10,0.19045080244541168,128
3,0,2,20,0.11578678339719772,128
3,0,2,30,0.28875014185905457,128
3,0,2,40,0.12899763882160187,128
3,0,2,49,0.2446548342704773,128
3,0,3,5,0.3795648515224457,128
3,0,3,10,0.4540296792984009,128
3,0,3,20,0.34740766882896423,128
3,0,3,30,0.4555363953113556,128
3,0,3,40,0.39688733220100403,128
3,0,3,49,0.5473137497901917,128
3,0,4,5,0.4895308315753937,128
3,0,4,10,0.4294455349445343,128
3,0,4,20,0.45192769169807434,128
3,0,4,30,0.4683396816253662,128
3,0,4,40,0.47495612502098083,128
3,0,4,49,0.5765131711959839,128
3,0,5,5,0.3842102587223053,128
3,0,5,10,0.4699725806713104,128
3,0,5,20,0.45493146777153015,128
3,0,5,30,0.4606059789657593,128
3,0,5,40,0.4674266278743744,128
3,0,5,49,0.571083128452301,128
3,0,6,5,0.35610535740852356,128
3,0,6,10,0.43702179193496704,128
3,0,6,20,0.38906511664390564,128
3,0,6,30,0.4818328619003296,128
3,0,6,40,0.4439023733139038,128
3,0,6,49,0.6297802329063416,128
3,1,0,5,-0.06468523293733597,128
3,1,0,10,-0.11528089642524719,128
3,1,0,20,-0.035765390843153,128
3,1,0,30,-0.08203538507223129,128
3,1,0,40,-0.09604959934949875,128
3,1,0,49,-0.02257220447063446,128
3,1,1,5,0.6276700496673584,128
3,1,1,10,0.7144292593002319,128
3,1,1,20,0.6848705410957336,128
3,1,1,30,0.7046838402748108,128
3,1,1,40,0.6750074625015259,128
3,1,1,49,0.7140348553657532,128
3,1,2,5,0.6612294912338257,128
3,1,2,10,0.6867469549179077,128
3,1,2,20,0.7172232270240784,128
3,1,2,30,0.7442224621772766,128
3,1,2,40,0.7215932011604309,128
3,1,2,49,0.7623382210731506,128
3,1,3,5,0.7597663998603821,128
3,1,3,10,0.7859233617782593,128
3,1,3,20,0.8461621999740601,128
3,1,3,30,0.8511726260185242,128
3,1,3,40,0.8531250357627869,128
3,1,3,49,0.8720635175704956,128
3,1,4,5,0.8485674262046814,128
3,1,4,10,0.9419736862182617,128
3,1,4,20,0.9314303994178772,128
3,1,4,30,0.9536477327346802,128
3,1,4,40,0.9251857399940491,128
3,1,4,49,0.9531340003013611,128
3,1,5,5,0.8344593048095703,128
3,1,5,10,0.9549235105514526,128
3,1,5,20,0.9439303278923035,128
3,1,5,30,0.9654557704925537,128
3,1,5,40,0.9511086940765381,128
3,1,5,49,0.9703669548034668,128
3,1,6,5,0.7908790111541748,128
3,1,6,10,0.912722647190094,128
3,1,6,20,0.9192507266998291,128
3,1,6,30,0.9549741148948669,128
3,1,6,40,0.932751476764679,128
3,1,6,49,0.962277352809906,128
3,2,0,5,-0.05370796099305153,128
3,2,0,10,-0.07114256918430328,128
3,2,0,20,-0.05684622749686241,128
3,2,0,30,-0.12240822613239288,128
3,2,0,40,-0.10317225754261017,128
3,2,0,49,-0.03373607248067856,128
3,2,1,5,0.5239698886871338,128
3,2,1,10,0.452941358089447,128
3,2,1,20,0.45844030380249023,128
3,2,1,30,0.3559747338294983,128
3,2,1,40,0.34534701704978943,128
3,2,1,49,0.4896659255027771,128
3,2,2,5,0.5695620775222778,128
3,2,2,10,0.5469038486480713,128
3,2,2,20,0.5337971448898315,128
3,2,2,30,0.4668463468551636,128
3,2,2,40,0.4310595989227295,128
3,2,2,49,0.5216466188430786,128
3,2,3,5,0.6941145062446594,128
3,2,3,10,0.7075073719024658,128
3,2,3,20,0.6932854056358337,128
3,2,3,30,0.6944077014923096,128
3,2,3,40,0.7106497883796692,128
3,2,3,49,0.6593725681304932,128
3,2,4,5,0.7553269863128662,128
3,2,4,10,0.7857387065887451,128
3,2,4,20,0.82027268409729,128
3,2,4,30,0.8076302409172058,128
3,2,4,40,0.8340252637863159,128
3,2,4,49,0.8114079236984253,128
3,2,5,5,0.6992784142494202,128
3,2,5,10,0.7634366154670715,128
3,2,5,20,0.848218560218811,128
3,2,5,30,0.8227786421775818,128
3,2,5,40,0.846121072769165,128
3,2,5,49,0.8230916261672974,128
3,2,6,5,0.609467625617981,128
3,2,6,10,0.7194485068321228,128
3,2,6,20,0.7967424988746643,128
3,2,6,30,0.7774530053138733,128
3,2,6,40,0.824683666229248,128
3,2,6,49,0.8046152591705322,128
3,3,0,5,-0.08330633491277695,128
3,3,0,10,-0.01955416053533554,128
3,3,0,20,-0.0009277901262976229,128
3,3,0,30,-0.11953704804182053,128
3,3,0,40,-0.09907600283622742,128
3,3,0,49,-0.06587054580450058,128
3,3,1,5,0.6843999028205872,128
3,3,1,10,0.6709212064743042,128
3,3,1,20,0.7044705152511597,128
3,3,1,30,0.6659111976623535,128
3,3,1,40,0.6634916663169861,128
3,3,1,49,0.646012008190155,128
3,3,2,5,0.7211946249008179,128
3,3,2,10,0.7140623927116394,128
3,3,2,20,0.7151771187782288,128
3,3,2,30,0.7189606428146362,128
3,3,2,40,0.7206565737724304,128
3,3,2,49,0.6787401437759399,128
3,3,3,5,0.8045610785484314,128
3,3,3,10,0.8270444869995117,128
3,3,3,20,0.8270495533943176,128
3,3,3,30,0.8603149652481079,128
3,3,3,40,0.8488780856132507,128
3,3,3,49,0.8092641234397888,128
3,3,4,5,0.9008071422576904,128
3,3,4,10,0.9176785945892334,128
3,3,4,20,0.9317448139190674,128
3,3,4,30,0.9590557813644409,128
3,3,4,40,0.9526774883270264,128
3,3,4,49,0.9464700818061829,128
3,3,5,5,0.9045068621635437,128
3,3,5,10,0.9388234615325928,128
3,3,5,20,0.9442629218101501,128
3,3,5,30,0.9637184143066406,128
3,3,5,40,0.9710283875465393,128
3,3,5,49,0.9611846208572388,128
3,3,6,5,0.8615490198135376,128
3,3,6,10,0.8960418105125427,128
3,3,6,20,0.9222986698150635,128
3,3,6,30,0.9373379945755005,128
3,3,6,40,0.941120445728302,128
3,3,6,49,0.9296261668205261,128
3,4,0,5,0.029370127245783806,128
3,4,0,10,-0.021209580823779106,128
3,4,0,20,-0.05546388030052185,128
3,4,0,30,-0.03257593512535095,128
3,4,0,40,0.012868441641330719,128
3,4,0,49,0.017139215022325516,128
3,4,1,5,0.7532059550285339,128
3,4,1,10,0.7526060938835144,128
3,4,1,20,0.7157129049301147,128
3,4,1,30,0.7591601610183716,128
3,4,1,40,0.6934567093849182,128
3,4,1,49,0.6968538761138916,128
3,4,2,5,0.7000675797462463,128
3,4,2,10,0.7731901407241821,128
3,4,2,20,0.7482038736343384,128
3,4,2,30,0.7716236710548401,128
3,4,2,40,0.7189652323722839,128
3,4,2,49,0.7004073262214661,128
3,4,3,5,0.8407871127128601,128
3,4,3,10,0.874545156955719,128
3,4,3,20,0.8633540272712708,128
3,4,3,30,0.8843820095062256,128
3,4,3,40,0.8740592002868652,128
3,4,3,49,0.8410667777061462,128
3,4,4,5,0.9320421814918518,128
3,4,4,10,0.9328190088272095,128
3,4,4,20,0.9528099894523621,128
3,4,4,30,0.9598953723907471,128
3,4,4,40,0.9592262506484985,128
3,4,4,49,0.9311693906784058,128
3,4,5,5,0.92900151014328,128
3,4,5,10,0.933962345123291,128
3,4,5,20,0.965813159942627,128
3,4,5,30,0.9733967185020447,128
3,4,5,40,0.9680971503257751,128
3,4,5,49,0.9401578307151794,128
3,4,6,5,0.8875860571861267,128
3,4,6,10,0.884403645992279,128
3,4,6,20,0.9312421679496765,128
3,4,6,30,0.9490312933921814,128
3,4,6,40,0.9465357661247253,128
3,4,6,49,0.9065725803375244,128
3,5,0,5,0.007846499793231487,128
3,5,0,10,-0.06374170631170273,128
3,5,0,20,-0.07060281932353973,128
3,5,0,30,-0.03606097027659416,128
3,5,0,40,-0.0329921692609787,128
3,5,0,49,-0.08543655276298523,128
3,5,1,5,0.5449700355529785,128
3,5,1,10,0.5327132940292358,128
3,5,1,20,0.4820501208305359,128
3,5,1,30,0.4591961205005646,128
3,5,1,40,0.5373285412788391,128
3,5,1,49,0.4065454304218292,128
3,5,2,5,0.5730925798416138,128
3,5,2,10,0.5201937556266785,128
3,5,2,20,0.4806210398674011,128
3,5,2,30,0.5208268761634827,128
3,5,2,40,0.5496902465820312,128
3,5,2,49,0.495196133852005,128
3,5,3,5,0.678272008895874,128
3,5,3,10,0.7236546277999878,128
3,5,3,20,0.7367809414863586,128
3,5,3,30,0.7154715657234192,128
3,5,3,40,0.7312514185905457,128
3,5,3,49,0.6857753396034241,128
3,5,4,5,0.72210294008255,128
3,5,4,10,0.8307403922080994,128
3,5,4,20,0.840880811214447,128
3,5,4,30,0.8327732086181641,128
3,5,4,40,0.8771566152572632,128
3,5,4,49,0.825146496295929,128
3,5,5,5,0.7273712158203125,128
3,5,5,10,0.8425949215888977,128
3,5,5,20,0.8553131222724915,128
3,5,5,30,0.8405700922012329,128
3,5,5,40,0.8934230804443359,128
3,5,5,49,0.8207794427871704,128
3,5,6,5,0.6765526533126831,128
3,5,6,10,0.7833856344223022,128
3,5,6,20,0.8326584696769714,128
3,5,6,30,0.8028478026390076,128
3,5,6,40,0.8611108064651489,128
3,5,6,49,0.7943500280380249,128
3,6,0,5,0.010618450120091438,128
3,6,0,10,-0.025946469977498055,128
3,6,0,20,-0.010484876111149788,128
3,6,0,30,-0.04418643191456795,128
3,6,0,40,-0.04329903796315193,128
3,6,0,49,-0.07979313284158707,128
3,6,1,5,0.6889581084251404,128
3,6,1,10,0.6919605731964111,128
3,6,1,20,0.6914566159248352,128
3,6,1,30,0.7340365052223206,128
3,6,1,40,0.7016422152519226,128
3,6,1,49,0.740788996219635,128
3,6,2,5,0.7091582417488098,128
3,6,2,10,0.7328551411628723,128
3,6,2,20,0.7098828554153442,128
3,6,2,30,0.7672238945960999,128
3,6,2,40,0.738047182559967,128
3,6,2,49,0.7525609135627747,128
3,6,3,5,0.8038989901542664,128
3,6,3,10,0.7937301993370056,128
3,6,3,20,0.8260738253593445,128
3,6,3,30,0.8720154166221619,128
3,6,3,40,0.831855833530426,128
3,6,3,49,0.8617867231369019,128
3,6,4,5,0.918189525604248,128
3,6,4,10,0.910275399684906,128
3,6,4,20,0.9443360567092896,128
3,6,4,30,0.9496386647224426,128
3,6,4,40,0.9194838404655457,128
3,6,4,49,0.9320870637893677,128
3,6,5,5,0.9034273624420166,128
3,6,5,10,0.9390925168991089,128
3,6,5,20,0.9626654386520386,128
3,6,5,30,0.9688801169395447,128
3,6,5,40,0.9427639245986938,128
3,6,5,49,0.9501628279685974,128
3,6,6,5,0.8315905928611755,128
3,6,6,10,0.9014081358909607,128
3,6,6,20,0.9275908470153809,128
3,6,6,30,0.9505894780158997,128
3,6,6,40,0.9249216914176941,128
3,6,6,49,0.9392479658126831,128
3,7,0,5,-0.08303650468587875,128
3,7,0,10,-0.005486080422997475,128
3,7,0,20,-0.02964170090854168,128
3,7,0,30,-0.03358367085456848,128
3,7,0,40,-0.06483376026153564,128
3,7,0,49,-0.09046149253845215,128
3,7,1,5,0.27779728174209595,128
3,7,1,10,0.28798380494117737,128
3,7,1,20,0.33132117986679077,128
3,7,1,30,0.35398510098457336,128
3,7,1,40,0.3502601683139801,128
3,7,1,49,0.30467209219932556,128
3,7,2,5,0.3528728187084198,128
3,7,2,10,0.37543851137161255,128
3,7,2,20,0.4416968822479248,128
3,7,2,30,0.46143069863319397,128
3,7,2,40,0.361900269985199,128
3,7,2,49,0.40588802099227905,128
3,7,3,5,0.5774940252304077,128
3,7,3,10,0.5498734712600708,128
3,7,3,20,0.5846023559570312,128
3,7,3,30,0.5924155712127686,128
3,7,3,40,0.553649365901947,128
3,7,3,49,0.5462788939476013,128
3,7,4,5,0.5201792120933533,128
3,7,4,10,0.5960327982902527,128
3,7,4,20,0.6445549130439758,128
3,7,4,30,0.7092278599739075,128
3,7,4,40,0.5983825325965881,128
3,7,4,49,0.6466382741928101,128
3,7,5,5,0.5568385720252991,128
3,7,5,10,0.6209794878959656,128
3,7,5,20,0.625150203704834,128
3,7,5,30,0.7409603595733643,128
3,7,5,40,0.612673819065094,128
3,7,5,49,0.6641306281089783,128
3,7,6,5,0.4343598186969757,128
3,7,6,10,0.5934107303619385,128
3,7,6,20,0.6122238636016846,128
3,7,6,30,0.7092083096504211,128
3,7,6,40,0.6354227662086487,128
3,7,6,49,0.6410903930664062,128
3,8,0,5,-0.06671061366796494,128
3,8,0,10,-0.013272684998810291,128
3,8,0,20,-0.09339793771505356,128
3,8,0,30,-0.01243961788713932,128
3,8,0,40,-0.07501066476106644,128
3,8,0,49,-0.10330824553966522,128
3,8,1,5,0.7220070958137512,128
3,8,1,10,0.6376616358757019,128
3,8,1,20,0.6607520580291748,128
3,8,1,30,0.6183987259864807,128
3,8,1,40,0.7473270893096924,128
3,8,1,49,0.6788103580474854,128
3,8,2,5,0.71551513671875,128
3,8,2,10,0.6453957557678223,128
3,8,2,20,0.6738235354423523,128
3,8,2,30,0.7056739926338196,128
3,8,2,40,0.7524242401123047,128
3,8,2,49,0.7305902242660522,128
3,8,3,5,0.7929447293281555,128
3,8,3,10,0.8043392300605774,128
3,8,3,20,0.8174650073051453,128
3,8,3,30,0.8290723562240601,128
3,8,3,40,0.8280389308929443,128
3,8,3,49,0.8290055394172668,128
3,8,4,5,0.8480222821235657,128
3,8,4,10,0.9136453866958618,128
3,8,4,20,0.9282329678535461,128
3,8,4,30,0.9109518527984619,128
3,8,4,40,0.9349483847618103,128
3,8,4,49,0.9264637231826782,128
3,8,5,5,0.8407348394393921,128
3,8,5,10,0.931461751461029,128
3,8,5,20,0.92954021692276,128
3,8,5,30,0.9402183890342712,128
3,8,5,40,0.9501872062683105,128
3,8,5,49,0.9457578063011169,128
3,8,6,5,0.7422392964363098,128
3,8,6,10,0.8846995830535889,128
3,8,6,20,0.8872133493423462,128
3,8,6,30,0.908249020576477,128
3,8,6,40,0.9042174220085144,128
3,8,6,49,0.8973341584205627,128
3,9,0,5,-0.03644678741693497,128
3,9,0,10,-0.03322622925043106,128
3,9,0,20,-0.06924354285001755,128
3,9,0,30,-0.08468177169561386,128
3,9,0,40,-0.10694082081317902,128
3,9,0,49,-0.15825943648815155,128
3,9,1,5,0.646476686000824,128
3,9,1,10,0.7353793978691101,128
3,9,1,20,0.6968432068824768,128
3,9,1,30,0.707082211971283,128
3,9,1,40,0.7088050842285156,128
3,9,1,49,0.6521763205528259,128
3,9,2,5,0.7067322731018066,128
3,9,2,10,0.7779296040534973,128
3,9,2,20,0.7350871562957764,128
3,9,2,30,0.7136455178260803,128
3,9,2,40,0.7425671219825745,128
3,9,2,49,0.7391217350959778,128
3,9,3,5,0.8094338178634644,128
3,9,3,10,0.8313966989517212,128
3,9,3,20,0.8362103700637817,128
3,9,3,30,0.8714361190795898,128
3,9,3,40,0.8748209476470947,128
3,9,3,49,0.8202676177024841,128
3,9,4,5,0.8699962496757507,128
3,9,4,10,0.9178902506828308,128
3,9,4,20,0.9435762763023376,128
3,9,4,30,0.9426177740097046,128
3,9,4,40,0.9667565226554871,128
3,9,4,49,0.9521999955177307,128
3,9,5,5,0.8589063882827759,128
3,9,5,10,0.9168544411659241,128
3,9,5,20,0.9338685274124146,128
3,9,5,30,0.9636553525924683,128
3,9,5,40,0.9769957065582275,128
3,9,5,49,0.9672307968139648,128
3,9,6,5,0.8178109526634216,128
3,9,6,10,0.9046124219894409,128
3,9,6,20,0.9094866514205933,128
3,9,6,30,0.9274003505706787,128
3,9,6,40,0.9598623514175415,128
3,9,6,49,0.9321452379226685,128
4,0,0,5,-0.052289195358753204,128
4,0,0,10,-0.08350710570812225,128
4,0,0,20,-0.062111109495162964,128
4,0,0,30,-0.09443167597055435,128
4,0,0,40,0.0030117235146462917,128
4,0,0,49,-0.09636734426021576,128
4,0,1,5,0.33811548352241516,128
4,0,1,10,0.3337576389312744,128
4,0,1,20,0.32054024934768677,128
4,0,1,30,0.2726271152496338,128
4,0,1,40,0.31252768635749817,128
4,0,1,49,0.2894294857978821,128
4,0,2,5,0.4012260138988495,128
4,0,2,10,0.3778426945209503,128
4,0,2,20,0.37512245774269104,128
4,0,2,30,0.36584237217903137,128
4,0,2,40,0.37481480836868286,128
4,0,2,49,0.38809898495674133,128
4,0,3,5,0.3930908143520355,128
4,0,3,10,0.4279007017612457,128
4,0,3,20,0.48498234152793884,128
4,0,3,30,0.5397385954856873,128
4,0,3,40,0.49214643239974976,128
4,0,3,49,0.5196365714073181,128
4,0,4,5,0.3097881078720093,128
4,0,4,10,0.4937877953052521,128
4,0,4,20,0.42252764105796814,128
4,0,4,30,0.5451912879943848,128
4,0,4,40,0.4761732220649719,128
4,0,4,49,0.5039443969726562,128
4,0,5,5,0.20718760788440704,128
4,0,5,10,0.4039405584335327,128
4,0,5,20,0.43025892972946167,128
4,0,5,30,0.5937696099281311,128
4,0,5,40,0.4740670323371887,128
4,0,5,49,0.4641028046607971,128
4,0,6,5,0.11909584701061249,128
4,0,6,10,0.4074755311012268,128
4,0,6,20,0.31447479128837585,128
4,0,6,30,0.5255551934242249,128
4,0,6,40,0.4724659323692322,128
4,0,6,49,0.48028406500816345,128
4,1,0,5,-0.052368342876434326,128
4,1,0,10,-0.08500386774539948,128
4,1,0,20,-0.07115402817726135,128
4,1,0,30,-0.07878580689430237,128
4,1,0,40,-0.06790409982204437,128
4,1,0,49,-0.028589829802513123,128
4,1,1,5,0.6533682346343994,128
4,1,1,10,0.6721158623695374,128
4,1,1,20,0.6857109665870667,128
4,1,1,30,0.7620273232460022,128
4,1,1,40,0.6750730276107788,128
4,1,1,49,0.6819464564323425,128
4,1,2,5,0.7474229335784912,128
4,1,2,10,0.7230428457260132,128
4,1,2,20,0.7252635955810547,128
4,1,2,30,0.8231750726699829,128
4,1,2,40,0.762432873249054,128
4,1,2,49,0.7450874447822571,128
4,1,3,5,0.756844162940979,128
4,1,3,10,0.7696443200111389,128
4,1,3,20,0.7606747150421143,128
4,1,3,30,0.8289858102798462,128
4,1,3,40,0.8410707712173462,128
4,1,3,49,0.7848040461540222,128
4,1,4,5,0.7699524164199829,128
4,1,4,10,0.8644405007362366,128
4,1,4,20,0.8711704015731812,128
4,1,4,30,0.8979229927062988,128
4,1,4,40,0.9123488068580627,128
4,1,4,49,0.8607019186019897,128
4,1,5,5,0.7694528698921204,128
4,1,5,10,0.8451284766197205,128
4,1,5,20,0.8613112568855286,128
4,1,5,30,0.8861439228057861,128
4,1,5,40,0.9072777032852173,128
4,1,5,49,0.8205194473266602,128
4,1,6,5,0.5920273065567017,128
4,1,6,10,0.7881621718406677,128
4,1,6,20,0.7795878648757935,128
4,1,6,30,0.8375937342643738,128
4,1,6,40,0.8314470052719116,128
4,1,6,49,0.7890596389770508,128
4,2,0,5,-0.12446534633636475,128
4,2,0,10,-0.05248614400625229,128
4,2,0,20,-0.06228223443031311,128
4,2,0,30,-0.09147418290376663,128
4,2,0,40,-0.06287414580583572,128
4,2,0,49,-0.07767397910356522,128
4,2,1,5,0.5083931088447571,128
4,2,1,10,0.5221479535102844,128
4,2,1,20,0.504801332950592,128
4,2,1,30,0.5545682311058044,128
4,2,1,40,0.436516672372818,128
4,2,1,49,0.5392469167709351,128
4,2,2,5,0.6188197135925293,128
4,2,2,10,0.6695250868797302,128
4,2,2,20,0.5632360577583313,128
4,2,2,30,0.6670817732810974,128
4,2,2,40,0.60533207654953,128
4,2,2,49,0.6458372473716736,128
4,2,3,5,0.6657713055610657,128
4,2,3,10,0.686248779296875,128
4,2,3,20,0.7246987223625183,128
4,2,3,30,0.7314223647117615,128
4,2,3,40,0.7204484939575195,128
4,2,3,49,0.7043414115905762,128
4,2,4,5,0.6559755206108093,128
4,2,4,10,0.7329812049865723,128
4,2,4,20,0.7780171632766724,128
4,2,4,30,0.7234950661659241,128
4,2,4,40,0.7241071462631226,128
4,2,4,49,0.7231196761131287,128
4,2,5,5,0.6147356629371643,128
4,2,5,10,0.668738067150116,128
4,2,5,20,0.7492506504058838,128
4,2,5,30,0.671257734298706,128
4,2,5,40,0.6537970900535583,128
4,2,5,49,0.6662094593048096,128
4,2,6,5,0.4870642125606537,128
4,2,6,10,0.6140450835227966,128
4,2,6,20,0.7121455669403076,128
4,2,6,30,0.6451541185379028,128
4,2,6,40,0.6458271145820618,128
4,2,6,49,0.6561883687973022,128
4,3,0,5,-0.09464646130800247,128
4,3,0,10,-0.03406486660242081,128
4,3,0,20,-0.05520095303654671,128
4,3,0,30,-0.12929052114486694,128
4,3,0,40,-0.0753551572561264,128
4,3,0,49,-0.0493527390062809,128
4,3,1,5,0.6769499182701111,128
4,3,1,10,0.6496102213859558,128
4,3,1,20,0.6399937272071838,128
4,3,1,30,0.6728830337524414,128
4,3,1,40,0.5919634699821472,128
4,3,1,49,0.6752709150314331,128
4,3,2,5,0.7248439788818359,128
4,3,2,10,0.7245281934738159,128
4,3,2,20,0.7038816213607788,128
4,3,2,30,0.7544960975646973,128
4,3,2,40,0.7150453329086304,128
4,3,2,49,0.759787917137146,128
4,3,3,5,0.7481772899627686,128
4,3,3,10,0.7955127954483032,128
4,3,3,20,0.758421003818512,128
4,3,3,30,0.8020253777503967,128
4,3,3,40,0.7705116868019104,128
4,3,3,49,0.838047444820404,128
4,3,4,5,0.785517692565918,128
4,3,4,10,0.8462309837341309,128
4,3,4,20,0.8712043762207031,128
4,3,4,30,0.9151626229286194,128
4,3,4,40,0.8792068958282471,128
4,3,4,49,0.8988037109375,128
4,3,5,5,0.7316389083862305,128
4,3,5,10,0.8071317076683044,128
4,3,5,20,0.8195528984069824,128
4,3,5,30,0.9124378561973572,128
4,3,5,40,0.8577410578727722,128
4,3,5,49,0.8660848736763,128
4,3,6,5,0.6401715278625488,128
4,3,6,10,0.7891154289245605,128
4,3,6,20,0.7848305702209473,128
4,3,6,30,0.8963877558708191,128
4,3,6,40,0.8292717337608337,128
4,3,6,49,0.833377480506897,128
4,4,0,5,-0.08922705799341202,128
4,4,0,10,-0.06980685144662857,128
4,4,0,20,-0.09553642570972443,128
4,4,0,30,-0.04431372508406639,128
4,4,0,40,-0.06721199303865433,128
4,4,0,49,-0.17811670899391174,128
4,4,1,5,0.6652474999427795,128
4,4,1,10,0.678680956363678,128
4,4,1,20,0.6950947046279907,128
4,4,1,30,0.6764835715293884,128
4,4,1,40,0.6900844573974609,128
4,4,1,49,0.6279837489128113,128
4,4,2,5,0.7134929895401001,128
4,4,2,10,0.7474652528762817,128
4,4,2,20,0.7558430433273315,128
4,4,2,30,0.7359001040458679,128
4,4,2,40,0.7761228680610657,128
4,4,2,49,0.7401568293571472,128
4,4,3,5,0.7432123422622681,128
4,4,3,10,0.7713273763656616,128
4,4,3,20,0.7648414969444275,128
4,4,3,30,0.7780035734176636,128
4,4,3,40,0.7897902131080627,128
4,4,3,49,0.737187385559082,128
4,4,4,5,0.7148551344871521,128
4,4,4,10,0.830990731716156,128
4,4,4,20,0.8797084093093872,128
4,4,4,30,0.8821790218353271,128
4,4,4,40,0.9055944681167603,128
4,4,4,49,0.8616381883621216,128
4,4,5,5,0.7201996445655823,128
4,4,5,10,0.8126024603843689,128
4,4,5,20,0.8635725378990173,128
4,4,5,30,0.8498284816741943,128
4,4,5,40,0.8909757733345032,128
4,4,5,49,0.8140054941177368,128
4,4,6,5,0.6417236328125,128
4,4,6,10,0.7520513534545898,128
4,4,6,20,0.850922703742981,128
4,4,6,30,0.8271000385284424,128
4,4,6,40,0.872155487537384,128
4,4,6,49,0.8024933338165283,128
4,5,0,5,-0.060835257172584534,128
4,5,0,10,-0.07969927787780762,128
4,5,0,20,-0.18614110350608826,128
4,5,0,30,-0.13889840245246887,128
4,5,0,40,-0.011815440841019154,128
4,5,0,49,-0.11427595466375351,128
4,5,1,5,0.5668085217475891,128
4,5,1,10,0.5103387236595154,128
4,5,1,20,0.561574399471283,128
4,5,1,30,0.5511293411254883,128
4,5,1,40,0.4896414279937744,128
4,5,1,49,0.5761839747428894,128
4,5,2,5,0.6580312848091125,128
4,5,2,10,0.6769695281982422,128
4,5,2,20,0.7063498497009277,128
4,5,2,30,0.6575719118118286,128
4,5,2,40,0.6635057330131531,128
4,5,2,49,0.6399270296096802,128
4,5,3,5,0.6837047338485718,128
4,5,3,10,0.723692774772644,128
4,5,3,20,0.6693823933601379,128
4,5,3,30,0.7056605815887451,128
4,5,3,40,0.7481680512428284,128
4,5,3,49,0.6981505155563354,128
4,5,4,5,0.709953784942627,128
4,5,4,10,0.7009367942810059,128
4,5,4,20,0.7096664309501648,128
4,5,4,30,0.7463727593421936,128
4,5,4,40,0.7612689733505249,128
4,5,4,49,0.7193729877471924,128
4,5,5,5,0.5972406268119812,128
4,5,5,10,0.6705434322357178,128
4,5,5,20,0.6819863319396973,128
4,5,5,30,0.6985908150672913,128
4,5,5,40,0.7385920286178589,128
4,5,5,49,0.674583911895752,128
4,5,6,5,0.5033183693885803,128
4,5,6,10,0.6400570273399353,128
4,5,6,20,0.6350412368774414,128
4,5,6,30,0.6712971925735474,128
4,5,6,40,0.6952137351036072,128
4,5,6,49,0.6700477600097656,128
4,6,0,5,0.007107945624738932,128
4,6,0,10,-0.014734800904989243,128
4,6,0,20,-0.05086888372898102,128
4,6,0,30,-0.04901902377605438,128
4,6,0,40,-0.04906248301267624,128
4,6,0,49,-0.027132470160722733,128
4,6,1,5,0.5989207625389099,128
4,6,1,10,0.6115614771842957,128
4,6,1,20,0.6100518703460693,128
4,6,1,30,0.6623750925064087,128
4,6,1,40,0.6759673357009888,128
4,6,1,49,0.6461290717124939,128
4,6,2,5,0.711767852306366,128
4,6,2,10,0.7086575031280518,128
4,6,2,20,0.7141001224517822,128
4,6,2,30,0.7663697004318237,128
4,6,2,40,0.7682449221611023,128
4,6,2,49,0.7654719352722168,128
4,6,3,5,0.8023120164871216,128
4,6,3,10,0.7785178422927856,128
4,6,3,20,0.7563554644584656,128
4,6,3,30,0.8021169304847717,128
4,6,3,40,0.7728617787361145,128
4,6,3,49,0.7619788646697998,128
4,6,4,5,0.8151638507843018,128
4,6,4,10,0.8645799160003662,128
4,6,4,20,0.8928437829017639,128
4,6,4,30,0.8813899755477905,128
4,6,4,40,0.9072482585906982,128
4,6,4,49,0.8929990530014038,128
4,6,5,5,0.783638596534729,128
4,6,5,10,0.8490287065505981,128
4,6,5,20,0.8583981394767761,128
4,6,5,30,0.8654870986938477,128
4,6,5,40,0.8933529257774353,128
4,6,5,49,0.8796419501304626,128
4,6,6,5,0.6840911507606506,128
4,6,6,10,0.8259505033493042,128
4,6,6,20,0.8251750469207764,128
4,6,6,30,0.8035770058631897,128
4,6,6,40,0.8679853081703186,128
4,6,6,49,0.7984493970870972,128
4,7,0,5,-0.01540673803538084,128
4,7,0,10,0.03146356716752052,128
4,7,0,20,-0.06723956018686295,128
4,7,0,30,-0.16272969543933868,128
4,7,0,40,-0.002391580957919359,128
4,7,0,49,-0.08537650108337402,128
4,7,1,5,0.36456239223480225,128
4,7,1,10,0.47002673149108887,128
4,7,1,20,0.356327623128891,128
4,7,1,30,0.3451274633407593,128
4,7,1,40,0.34456729888916016,128
4,7,1,49,0.4647858738899231,128
4,7,2,5,0.5446997880935669,128
4,7,2,10,0.5972207188606262,128
4,7,2,20,0.5004444122314453,128
4,7,2,30,0.5032516717910767,128
4,7,2,40,0.5498153567314148,128
4,7,2,49,0.6275571584701538,128
4,7,3,5,0.5829010009765625,128
4,7,3,10,0.5922524929046631,128
4,7,3,20,0.587279200553894,128
4,7,3,30,0.5015383958816528,128
4,7,3,40,0.601974606513977,128
4,7,3,49,0.7055367827415466,128
4,7,4,5,0.5256223678588867,128
4,7,4,10,0.5144883990287781,128
4,7,4,20,0.5157984495162964,128
4,7,4,30,0.46129530668258667,128
4,7,4,40,0.5432235598564148,128
4,7,4,49,0.636684775352478,128
4,7,5,5,0.48364806175231934,128
4,7,5,10,0.5138683319091797,128
4,7,5,20,0.5236274003982544,128
4,7,5,30,0.49314355850219727,128
4,7,5,40,0.46591758728027344,128
4,7,5,49,0.6534734964370728,128
4,7,6,5,0.3706135153770447,128
4,7,6,10,0.4298107624053955,128
4,7,6,20,0.4284890592098236,128
4,7,6,30,0.4983329772949219,128
4,7,6,40,0.4963812828063965,128
4,7,6,49,0.5302351713180542,128
4,8,0,5,0.00048821428208611906,128
4,8,0,10,-0.10635075718164444,128
4,8,0,20,-0.09646502137184143,128
4,8,0,30,-0.0346599742770195,128
4,8,0,40,0.005484735127538443,128
4,8,0,49,-0.027810310944914818,128
4,8,1,5,0.6687901020050049,128
4,8,1,10,0.6448010206222534,128
4,8,1,20,0.5642892122268677,128
4,8,1,30,0.6528022289276123,128
4,8,1,40,0.6331860423088074,128
4,8,1,49,0.7012348175048828,128
4,8,2,5,0.6944830417633057,128
4,8,2,10,0.7431341409683228,128
4,8,2,20,0.668644905090332,128
4,8,2,30,0.729337215423584,128
4,8,2,40,0.7454098463058472,128
4,8,2,49,0.7671803832054138,128
4,8,3,5,0.8096903562545776,128
4,8,3,10,0.7903798222541809,128
4,8,3,20,0.7621669769287109,128
4,8,3,30,0.8201343417167664,128
4,8,3,40,0.7675465941429138,128
4,8,3,49,0.7839163541793823,128
4,8,4,5,0.8174412846565247,128
4,8,4,10,0.8377024531364441,128
4,8,4,20,0.8660646080970764,128
4,8,4,30,0.8728045225143433,128
4,8,4,40,0.8823265433311462,128
4,8,4,49,0.846146821975708,128
4,8,5,5,0.7957630157470703,128
4,8,5,10,0.8313575387001038,128
4,8,5,20,0.8498169779777527,128
4,8,5,30,0.8482775092124939,128
4,8,5,40,0.9080900549888611,128
4,8,5,49,0.8358606696128845,128
4,8,6,5,0.7533204555511475,128
4,8,6,10,0.7084839940071106,128
4,8,6,20,0.8222870230674744,128
4,8,6,30,0.8062940239906311,128
4,8,6,40,0.8588950037956238,128
4,8,6,49,0.7864958047866821,128
4,9,0,5,-0.03283528983592987,128
4,9,0,10,0.007201058324426413,128
4,9,0,20,-0.02012489177286625,128
4,9,0,30,-0.11728471517562866,128
4,9,0,40,-0.020957494154572487,128
4,9,0,49,-0.13245506584644318,128
4,9,1,5,0.6008853912353516,128
4,9,1,10,0.7094773650169373,128
4,9,1,20,0.7306901216506958,128
4,9,1,30,0.6456477046012878,128
4,9,1,40,0.6280999183654785,128
4,9,1,49,0.6868048906326294,128
4,9,2,5,0.6620441675186157,128
4,9,2,10,0.7494085431098938,128
4,9,2,20,0.7904490232467651,128
4,9,2,30,0.7268362641334534,128
4,9,2,40,0.7029988169670105,128
4,9,2,49,0.7497822046279907,128
4,9,3,5,0.7642935514450073,128
4,9,3,10,0.7865027189254761,128
4,9,3,20,0.7992799282073975,128
4,9,3,30,0.7549413442611694,128
4,9,3,40,0.7484384179115295,128
4,9,3,49,0.7532603144645691,128
4,9,4,5,0.8302523493766785,128
4,9,4,10,0.8685083389282227,128
4,9,4,20,0.893598735332489,128
4,9,4,30,0.8724347352981567,128
4,9,4,40,0.8428476452827454,128
4,9,4,49,0.8654059171676636,128
4,9,5,5,0.7757735252380371,128
4,9,5,10,0.8294049501419067,128
4,9,5,20,0.8590198159217834,128
4,9,5,30,0.8352258205413818,128
4,9,5,40,0.8229129910469055,128
4,9,5,49,0.8549372553825378,128
4,9,6,5,0.692948579788208,128
4,9,6,10,0.7860086560249329,128
4,9,6,20,0.837149977684021,128
4,9,6,30,0.7848553657531738,128
4,9,6,40,0.8116260170936584,128
4,9,6,49,0.8153414130210876,128
5,0,0,5,0.0016005529323592782,128
5,0,0,10,0.012682407163083553,128
5,0,0,20,-0.1099705845117569,128
5,0,0,30,-0.07155048847198486,128
5,0,0,40,-0.15570370852947235,128
5,0,0,49,-0.02887236513197422,128
5,0,1,5,0.3153931498527527,128
5,0,1,10,0.25224801898002625,128
5,0,1,20,0.3702031075954437,128
5,0,1,30,0.20782680809497833,128
5,0,1,40,0.2923343777656555,128
5,0,1,49,0.23264546692371368,128
5,0,2,5,0.6049631834030151,128
5,0,2,10,0.5900267362594604,128
5,0,2,20,0.6727868914604187,128
5,0,2,30,0.5419729351997375,128
5,0,2,40,0.5770654678344727,128
5,0,2,49,0.5221959352493286,128
5,0,3,5,0.6204898953437805,128
5,0,3,10,0.5775226950645447,128
5,0,3,20,0.6987622976303101,128
5,0,3,30,0.5629554390907288,128
5,0,3,40,0.633365273475647,128
5,0,3,49,0.5450993776321411,128
5,0,4,5,0.6108518242835999,128
5,0,4,10,0.6808480620384216,128
5,0,4,20,0.7027976512908936,128
5,0,4,30,0.6549691557884216,128
5,0,4,40,0.640638530254364,128
5,0,4,49,0.6175382733345032,128
5,0,5,5,0.6462287902832031,128
5,0,5,10,0.6021093726158142,128
5,0,5,20,0.7369772791862488,128
5,0,5,30,0.6779624223709106,128
5,0,5,40,0.6823835968971252,128
5,0,5,49,0.6643198132514954,128
5,0,6,5,0.6276062726974487,128
5,0,6,10,0.5970304608345032,128
5,0,6,20,0.7148444652557373,128
5,0,6,30,0.657355785369873,128
5,0,6,40,0.6753331422805786,128
5,0,6,49,0.6250808238983154,128
5,1,0,5,-0.10269585996866226,128
5,1,0,10,-0.10430783778429031,128
5,1,0,20,-0.1569301337003708,128
5,1,0,30,-0.02912179008126259,128
5,1,0,40,-0.13942763209342957,128
5,1,0,49,-0.03478456661105156,128
5,1,1,5,0.7444129586219788,128
5,1,1,10,0.7600378394126892,128
5,1,1,20,0.7474056482315063,128
5,1,1,30,0.7499740719795227,128
5,1,1,40,0.7242040634155273,128
5,1,1,49,0.6999472379684448,128
5,1,2,5,0.8860918283462524,128
5,1,2,10,0.8933004140853882,128
5,1,2,20,0.9042744040489197,128
5,1,2,30,0.8758376836776733,128
5,1,2,40,0.8936817049980164,128
5,1,2,49,0.8889197707176208,128
5,1,3,5,0.9377173185348511,128
5,1,3,10,0.9302480220794678,128
5,1,3,20,0.9309940338134766,128
5,1,3,30,0.9365532994270325,128
5,1,3,40,0.9290375113487244,128
5,1,3,49,0.9142692685127258,128
5,1,4,5,0.9442452192306519,128
5,1,4,10,0.9568120837211609,128
5,1,4,20,0.9590586423873901,128
5,1,4,30,0.9684534072875977,128
5,1,4,40,0.9706732630729675,128
5,1,4,49,0.9564662575721741,128
5,1,5,5,0.9746398329734802,128
5,1,5,10,0.9796837568283081,128
5,1,5,20,0.979690670967102,128
5,1,5,30,0.9884781241416931,128
5,1,5,40,0.9884607791900635,128
5,1,5,49,0.984803318977356,128
5,1,6,5,0.9168594479560852,128
5,1,6,10,0.9403246641159058,128
5,1,6,20,0.9503517746925354,128
5,1,6,30,0.9569652676582336,128
5,1,6,40,0.9614701867103577,128
5,1,6,49,0.9537458419799805,128
5,2,0,5,-0.14763563871383667,128
5,2,0,10,-0.0755164846777916,128
5,2,0,20,-0.1584356129169464,128
5,2,0,30,-0.1558559536933899,128
5,2,0,40,-0.08047337830066681,128
5,2,0,49,0.004757924471050501,128
5,2,1,5,0.5840743184089661,128
5,2,1,10,0.5151134133338928,128
5,2,1,20,0.5098187923431396,128
5,2,1,30,0.5378134250640869,128
5,2,1,40,0.5375444889068604,128
5,2,1,49,0.6331220269203186,128
5,2,2,5,0.8141748309135437,128
5,2,2,10,0.7714769244194031,128
5,2,2,20,0.778904378414154,128
5,2,2,30,0.7398328185081482,128
5,2,2,40,0.8089836835861206,128
5,2,2,49,0.80731600522995,128
5,2,3,5,0.8189899325370789,128
5,2,3,10,0.8082041144371033,128
5,2,3,20,0.7939164638519287,128
5,2,3,30,0.7847318053245544,128
5,2,3,40,0.8538082242012024,128
5,2,3,49,0.8489105701446533,128
5,2,4,5,0.8523280024528503,128
5,2,4,10,0.8411784172058105,128
5,2,4,20,0.8612088561058044,128
5,2,4,30,0.8539409041404724,128
5,2,4,40,0.893069326877594,128
5,2,4,49,0.8971779942512512,128
5,2,5,5,0.8818944692611694,128
5,2,5,10,0.8871535062789917,128
5,2,5,20,0.9251914620399475,128
5,2,5,30,0.8940404057502747,128
5,2,5,40,0.9451001286506653,128
5,2,5,49,0.9413959980010986,128
5,2,6,5,0.8283759951591492,128
5,2,6,10,0.839359700679779,128
5,2,6,20,0.9038578271865845,128
5,2,6,30,0.8507758975028992,128
5,2,6,40,0.90688556432724,128
5,2,6,49,0.9094362854957581,128
5,3,0,5,-0.08493197709321976,128
5,3,0,10,-0.03533817082643509,128
5,3,0,20,-0.06849239766597748,128
5,3,0,30,-0.10408644378185272,128
5,3,0,40,-0.05509870499372482,128
5,3,0,49,-0.07478906214237213,128
5,3,1,5,0.6273233890533447,128
5,3,1,10,0.6695223450660706,128
5,3,1,20,0.7056723833084106,128
5,3,1,30,0.658443808555603,128
5,3,1,40,0.6183639764785767,128
5,3,1,49,0.6394729018211365,128
5,3,2,5,0.8442279100418091,128
5,3,2,10,0.8449417948722839,128
5,3,2,20,0.8740289807319641,128
5,3,2,30,0.8693191409111023,128
5,3,2,40,0.8264309167861938,128
5,3,2,49,0.8730028867721558,128
5,3,3,5,0.891379177570343,128
5,3,3,10,0.9086037874221802,128
5,3,3,20,0.9130608439445496,128
5,3,3,30,0.9201045632362366,128
5,3,3,40,0.8618211150169373,128
5,3,3,49,0.9082549214363098,128
5,3,4,5,0.9418538212776184,128
5,3,4,10,0.944484293460846,128
5,3,4,20,0.9603627920150757,128
5,3,4,30,0.9659370183944702,128
5,3,4,40,0.9517858028411865,128
5,3,4,49,0.9600573182106018,128
5,3,5,5,0.9385076761245728,128
5,3,5,10,0.9728884100914001,128
5,3,5,20,0.9841426014900208,128
5,3,5,30,0.987995982170105,128
5,3,5,40,0.9836361408233643,128
5,3,5,49,0.9847904443740845,128
5,3,6,5,0.887821614742279,128
5,3,6,10,0.9148740768432617,128
5,3,6,20,0.9584631323814392,128
5,3,6,30,0.9475568532943726,128
5,3,6,40,0.9540500640869141,128
5,3,6,49,0.9408743977546692,128
5,4,0,5,-0.05628475546836853,128
5,4,0,10,-0.046190012246370316,128
5,4,0,20,-0.1550646722316742,128
5,4,0,30,-0.07939731329679489,128
5,4,0,40,-0.0578390434384346,128
5,4,0,49,-0.08768020570278168,128
5,4,1,5,0.7592110633850098,128
5,4,1,10,0.6963616013526917,128
5,4,1,20,0.7564456462860107,128
5,4,1,30,0.7059797048568726,128
5,4,1,40,0.7526960968971252,128
5,4,1,49,0.723707377910614,128
5,4,2,5,0.8922104835510254,128
5,4,2,10,0.8403618335723877,128
5,4,2,20,0.9066267609596252,128
5,4,2,30,0.8835722208023071,128
5,4,2,40,0.8992034792900085,128
5,4,2,49,0.85980224609375,128
5,4,3,5,0.9064745306968689,128
5,4,3,10,0.8968254327774048,128
5,4,3,20,0.9342740178108215,128
5,4,3,30,0.9263462424278259,128
5,4,3,40,0.9390500783920288,128
5,4,3,49,0.8986697196960449,128
5,4,4,5,0.9354106783866882,128
5,4,4,10,0.9519501328468323,128
5,4,4,20,0.9690105319023132,128
5,4,4,30,0.9682044386863708,128
5,4,4,40,0.9688000679016113,128
5,4,4,49,0.9456260204315186,128
5,4,5,5,0.9594147205352783,128
5,4,5,10,0.980211079120636,128
5,4,5,20,0.9867479801177979,128
5,4,5,30,0.984908401966095,128
5,4,5,40,0.9885041117668152,128
5,4,5,49,0.9779711365699768,128
5,4,6,5,0.9053980112075806,128
5,4,6,10,0.9448159337043762,128
5,4,6,20,0.9525203108787537,128
5,4,6,30,0.9510217905044556,128
5,4,6,40,0.9598696231842041,128
5,4,6,49,0.9421122670173645,128
5,5,0,5,-0.06971036642789841,128
5,5,0,10,-0.05808211490511894,128
5,5,0,20,-0.10644053667783737,128
5,5,0,30,-0.06610211730003357,128
5,5,0,40,-0.04064442589879036,128
5,5,0,49,-0.13113684952259064,128
5,5,1,5,0.45568662881851196,128
5,5,1,10,0.5584138035774231,128
5,5,1,20,0.5546948313713074,128
5,5,1,30,0.590276300907135,128
5,5,1,40,0.5195910930633545,128
5,5,1,49,0.6080284714698792,128
5,5,2,5,0.7619492411613464,128
5,5,2,10,0.7838331460952759,128
5,5,2,20,0.792767345905304,128
5,5,2,30,0.7698203325271606,128
5,5,2,40,0.7998656034469604,128
5,5,2,49,0.7885857224464417,128
5,5,3,5,0.820940375328064,128
5,5,3,10,0.8059837818145752,128
5,5,3,20,0.848171591758728,128
5,5,3,30,0.8164395093917847,128
5,5,3,40,0.8518372178077698,128
5,5,3,49,0.8467156887054443,128
5,5,4,5,0.8532856106758118,128
5,5,4,10,0.8604384660720825,128
5,5,4,20,0.8796627521514893,128
5,5,4,30,0.8552704453468323,128
5,5,4,40,0.8938612937927246,128
5,5,4,49,0.912615180015564,128
5,5,5,5,0.8919528722763062,128
5,5,5,10,0.9234102368354797,128
5,5,5,20,0.924730658531189,128
5,5,5,30,0.9278407096862793,128
5,5,5,40,0.9505097270011902,128
5,5,5,49,0.9541270732879639,128
5,5,6,5,0.8366445302963257,128
5,5,6,10,0.9006547331809998,128
5,5,6,20,0.8798044323921204,128
5,5,6,30,0.8948656320571899,128
5,5,6,40,0.9206443428993225,128
5,5,6,49,0.9106060266494751,128
5,6,0,5,-0.023297075182199478,128
5,6,0,10,-0.05483385547995567,128
5,6,0,20,-0.07715995609760284,128
5,6,0,30,-0.04792051762342453,128
5,6,0,40,-0.09146380424499512,128
5,6,0,49,-0.036030370742082596,128
5,6,1,5,0.7621882557868958,128
5,6,1,10,0.7148568630218506,128
5,6,1,20,0.7527751326560974,128
5,6,1,30,0.7256526947021484,128
5,6,1,40,0.7733215689659119,128
5,6,1,49,0.7739201784133911,128
5,6,2,5,0.8853340744972229,128
5,6,2,10,0.8941546678543091,128
5,6,2,20,0.8958253264427185,128
5,6,2,30,0.8960053324699402,128
5,6,2,40,0.8737300634384155,128
5,6,2,49,0.8734616041183472,128
5,6,3,5,0.9045769572257996,128
5,6,3,10,0.9294649362564087,128
5,6,3,20,0.9288594126701355,128
5,6,3,30,0.9413501620292664,128
5,6,3,40,0.9283555150032043,128
5,6,3,49,0.9276068210601807,128
5,6,4,5,0.9396781921386719,128
5,6,4,10,0.9657366275787354,128
5,6,4,20,0.976142168045044,128
5,6,4,30,0.9726933240890503,128
5,6,4,40,0.970049262046814,128
5,6,4,49,0.9745896458625793,128
5,6,5,5,0.9690417051315308,128
5,6,5,10,0.9848682284355164,128
5,6,5,20,0.9879274368286133,128
5,6,5,30,0.9908100962638855,128
5,6,5,40,0.9858603477478027,128
5,6,5,49,0.98367840051651,128
5,6,6,5,0.9110242128372192,128
5,6,6,10,0.9481908082962036,128
5,6,6,20,0.9597002863883972,128
5,6,6,30,0.9697266817092896,128
5,6,6,40,0.967238187789917,128
5,6,6,49,0.9520798325538635,128
5,7,0,5,-0.10429057478904724,128
5,7,0,10,-0.07144094258546829,128
5,7,0,20,-0.05634436383843422,128
5,7,0,30,-0.07303265482187271,128
5,7,0,40,-0.06428506225347519,128
5,7,0,49,-0.06517855823040009,128
5,7,1,5,0.2611389458179474,128
5,7,1,10,0.3360395133495331,128
5,7,1,20,0.31744933128356934,128
5,7,1,30,0.4433252215385437,128
5,7,1,40,0.45226767659187317,128
5,7,1,49,0.39808839559555054,128
5,7,2,5,0.7011367678642273,128
5,7,2,10,0.6536922454833984,128
5,7,2,20,0.6685189008712769,128
5,7,2,30,0.7063672542572021,128
5,7,2,40,0.7192746996879578,128
5,7,2,49,0.7019863724708557,128
5,7,3,5,0.6957656145095825,128
5,7,3,10,0.6866921782493591,128
5,7,3,20,0.6811674237251282,128
5,7,3,30,0.726043164730072,128
5,7,3,40,0.7376742959022522,128
5,7,3,49,0.7509332299232483,128
5,7,4,5,0.7197444438934326,128
5,7,4,10,0.7195618152618408,128
5,7,4,20,0.7364240884780884,128
5,7,4,30,0.7656446099281311,128
5,7,4,40,0.8006493449211121,128
5,7,4,49,0.7953226566314697,128
5,7,5,5,0.7739570140838623,128
5,7,5,10,0.7465459108352661,128
5,7,5,20,0.8010387420654297,128
5,7,5,30,0.818457841873169,128
5,7,5,40,0.84586501121521,128
5,7,5,49,0.8310373425483704,128
5,7,6,5,0.7411577701568604,128
5,7,6,10,0.7306154370307922,128
5,7,6,20,0.764237105846405,128
5,7,6,30,0.7810300588607788,128
5,7,6,40,0.7885006666183472,128
5,7,6,49,0.7818286418914795,128
5,8,0,5,-0.11169200390577316,128
5,8,0,10,-0.11519608646631241,128
5,8,0,20,-0.052682824432849884,128
5,8,0,30,-0.11514922231435776,128
5,8,0,40,-0.17169159650802612,128
5,8,0,49,-0.07143881916999817,128
5,8,1,5,0.6178084015846252,128
5,8,1,10,0.7245445251464844,128
5,8,1,20,0.7091532945632935,128
5,8,1,30,0.6348826885223389,128
5,8,1,40,0.6902005672454834,128
5,8,1,49,0.6508527398109436,128
5,8,2,5,0.8376344442367554,128
5,8,2,10,0.8842089176177979,128
5,8,2,20,0.899441123008728,128
5,8,2,30,0.8816271424293518,128
5,8,2,40,0.8626617789268494,128
5,8,2,49,0.8580335974693298,128
5,8,3,5,0.8999314308166504,128
5,8,3,10,0.9138033390045166,128
5,8,3,20,0.9317879676818848,128
5,8,3,30,0.9072442054748535,128
5,8,3,40,0.9046506881713867,128
5,8,3,49,0.8942036628723145,128
5,8,4,5,0.9136133193969727,128
5,8,4,10,0.9449800848960876,128
5,8,4,20,0.9695090651512146,128
5,8,4,30,0.9594753384590149,128
5,8,4,40,0.9512743353843689,128
5,8,4,49,0.9473654627799988,128
5,8,5,5,0.9549148678779602,128
5,8,5,10,0.9716382622718811,128
5,8,5,20,0.9808684587478638,128
5,8,5,30,0.9864801168441772,128
5,8,5,40,0.9806788563728333,128
5,8,5,49,0.9772568345069885,128
5,8,6,5,0.8866577744483948,128
5,8,6,10,0.9328917860984802,128
5,8,6,20,0.9461440443992615,128
5,8,6,30,0.9517072439193726,128
5,8,6,40,0.9466911554336548,128
5,8,6,49,0.9538362622261047,128
5,9,0,5,0.06465093791484833,128
5,9,0,10,-0.04899699613451958,128
5,9,0,20,-0.13009576499462128,128
5,9,0,30,-0.06136249750852585,128
5,9,0,40,-0.08710502833127975,128
5,9,0,49,-0.10863854736089706,128
5,9,1,5,0.6857330799102783,128
5,9,1,10,0.6865482330322266,128
5,9,1,20,0.7390512824058533,128
5,9,1,30,0.7174553275108337,128
5,9,1,40,0.7155314683914185,128
5,9,1,49,0.6594167947769165,128
5,9,2,5,0.868662416934967,128
5,9,2,10,0.86603844165802,128
5,9,2,20,0.8936852812767029,128
5,9,2,30,0.8783071637153625,128
5,9,2,40,0.8552994132041931,128
5,9,2,49,0.8866655826568604,128
5,9,3,5,0.8984582424163818,128
5,9,3,10,0.9065883159637451,128
5,9,3,20,0.9238370060920715,128
5,9,3,30,0.9189900159835815,128
5,9,3,40,0.9100134968757629,128
5,9,3,49,0.917793333530426,128
5,9,4,5,0.9260865449905396,128
5,9,4,10,0.9415767192840576,128
5,9,4,20,0.9532705545425415,128
5,9,4,30,0.9592347145080566,128
5,9,4,40,0.9568556547164917,128
5,9,4,49,0.9592936635017395,128
5,9,5,5,0.9736552834510803,128
5,9,5,10,0.9767162203788757,128
5,9,5,20,0.9830074310302734,128
5,9,5,30,0.987422525882721,128
5,9,5,40,0.9855765700340271,128
5,9,5,49,0.9844917058944702,128
5,9,6,5,0.9330815672874451,128
5,9,6,10,0.9391937255859375,128
5,9,6,20,0.9542943835258484,128
5,9,6,30,0.9602922201156616,128
5,9,6,40,0.9531699419021606,128
5,9,6,49,0.9370532631874084,128
